15.6.3.jpeg, 0.726, 0.58442664, 0.14157335853576658, 19.50046260823231
3.13.3.jpeg, 0.394, 0.50170314, 0.107703143119812, 27.335823126855836
10.34.2.jpeg, 0.52, 0.6121609, 0.09216092109680174, 17.723254057077256
9.17.2.jpeg, 0.662, 0.6132993, 0.04870068979263309, 7.356599666560889
8.3.1.jpeg, 0.492, 0.5996628, 0.10766278076171876, 21.882679016609504
9.22.2.jpeg, 0.786, 0.55675113, 0.22924886798858646, 29.16652264485833
21.18.2.jpeg, 0.394, 0.6042132, 0.21021317815780638, 53.35359851720975
6.20.3.jpeg, 0.576, 0.54790115, 0.02809884643554683, 4.878271950615769
6.21.1.jpeg, 0.53, 0.5200062, 0.009993820190429714, 1.8856264510244742
9.9.2.jpeg, 0.666, 0.57987905, 0.08612095451354984, 12.931074251283759
4.10.3.jpeg, 0.612, 0.48828688, 0.12371311736106871, 20.214561660305346
9.21.2.jpeg, 0.738, 0.61009187, 0.12790813493728637, 17.331725601258317
3.17.1.jpeg, 0.44000000000000006, 0.5400865, 0.10008650779724115, 22.74693359028208
15.19.3.jpeg, 0.548, 0.62622416, 0.07822416019439693, 14.27448178729871
17.28.2.jpeg, 0.44400000000000006, 0.5800937, 0.13609368181228632, 30.651730137902316
21.27.2.jpeg, 0.43600000000000005, 0.50994784, 0.07394783639907831, 16.96051293556842
12.17.2.jpeg, 0.49800000000000005, 0.55223453, 0.05423453044891352, 10.89046796162922
15.19.1.jpeg, 0.548, 0.5937501, 0.04575011920928951, 8.348561899505384
10.19.3.jpeg, 0.666, 0.5611468, 0.10485320425033573, 15.743724361912271
17.15.3.jpeg, 0.46799999999999997, 0.5971097, 0.1291096754074097, 27.58753748021575
4.10.1.jpeg, 0.612, 0.5435497, 0.06845028352737426, 11.184686850878146
3.19.2.jpeg, 0.622, 0.5539641, 0.06803592157363891, 10.93825105685513
19.10.2.jpeg, 0.678, 0.619099, 0.05890097904205327, 8.687460035701072
11.5.2.jpeg, 0.644, 0.5867578, 0.05724222087860109, 8.88854361468961
10.19.2.jpeg, 0.666, 0.60187465, 0.06412535047531132, 9.628431002298996
10.9.2.jpeg, 0.636, 0.5994644, 0.03653558349609376, 5.744588600014742
21.27.3.jpeg, 0.43600000000000005, 0.5198793, 0.08387928152084345, 19.238367321294366
19.9.3.jpeg, 0.43200000000000005, 0.5781966, 0.1461965851783752, 33.84180212462388
9.9.1.jpeg, 0.666, 0.5548388, 0.1111612234115601, 16.690874386120132
3.11.3.jpeg, 0.5820000000000001, 0.63802755, 0.056027548789977955, 9.626726596216143
6.20.1.jpeg, 0.576, 0.7755053, 0.1995053043365479, 34.63633755842845
19.9.2.jpeg, 0.43200000000000005, 0.5466954, 0.1146954112052917, 26.54986370492863
8.16.1.jpeg, 0.526, 0.51498914, 0.01101086235046389, 2.093319838491234
4.38.1.jpeg, 0.5860000000000001, 0.53290135, 0.05309865331649788, 9.061203637627624
21.18.1.jpeg, 0.394, 0.50902045, 0.11502044773101805, 29.193007038329455
4.3.3.jpeg, 0.6519999999999999, 0.54737794, 0.10462205600738517, 16.04632760849466
4.9.3.jpeg, 0.576, 0.5078607, 0.06813927984237667, 11.82973608374595
3.13.1.jpeg, 0.394, 0.558807, 0.16480701541900633, 41.82919173071227
8.17.1.jpeg, 0.502, 0.6294745, 0.12747452068328857, 25.3933308134041
17.15.1.jpeg, 0.46799999999999997, 0.58753216, 0.11953216266632083, 25.541060398786502
8.17.3.jpeg, 0.502, 0.58717436, 0.08517435598373413, 16.967003184010782
17.13.2.jpeg, 0.492, 0.5675856, 0.07558558750152589, 15.362924288928026
21.29.2.jpeg, 0.496, 0.54950666, 0.05350666427612305, 10.787633926637712
12.19.1.jpeg, 0.79, 0.59078777, 0.1992122316360474, 25.216738181778155
4.28.1.jpeg, 0.5860000000000001, 0.5758614, 0.010138605594635086, 1.7301374734872157
13.21.2.jpeg, 0.5780000000000001, 0.55709124, 0.020908763885498116, 3.6174331981830647
17.3.2.jpeg, 0.592, 0.5047983, 0.08720170688629147, 14.730018055116803
2.5.3.jpeg, 0.736, 0.6742334, 0.06176662302017211, 8.392204214697298
4.9.2.jpeg, 0.576, 0.49534926, 0.08065074181556697, 14.001864898535935
7.18.1.jpeg, 0.538, 0.6847694, 0.14676939201354977, 27.28055613634754
10.31.3.jpeg, 0.5559999999999999, 0.5178416, 0.03815842247009271, 6.8630256241173955
21.23.2.jpeg, 0.642, 0.5774576, 0.06454239320755006, 10.053332275319324
6.24.1.jpeg, 0.426, 0.543545, 0.11754500770568849, 27.592724813541896
17.3.3.jpeg, 0.592, 0.6162095, 0.02420950698852542, 4.0894437480617265
8.16.2.jpeg, 0.526, 0.5353412, 0.009341203212738014, 1.7758941469083676
15.3.2.jpeg, 0.63, 0.6285293, 0.0014706897735595748, 0.2334428211999325
14.8.3.jpeg, 0.538, 0.5643663, 0.026366281032562222, 4.900795730959521
9.14.1.jpeg, 0.64, 0.6286199, 0.01138009071350099, 1.7781391739845296
15.20.3.jpeg, 0.42000000000000004, 0.5334802, 0.11348022699356075, 27.019101665133512
15.3.1.jpeg, 0.63, 0.55743253, 0.07256746768951416, 11.518645665002248
12.18.3.jpeg, 0.518, 0.51947933, 0.0014793343544006188, 0.28558578270282214
20.5.3.jpeg, 0.572, 0.5686709, 0.003329071521758986, 0.5820055107970257
20.19.3.jpeg, 0.52, 0.52105564, 0.0010556387901305975, 0.20300745964049952
10.10.1.jpeg, 0.532, 0.5680262, 0.03602618503570554, 6.771839292425853
11.11.2.jpeg, 0.532, 0.55315626, 0.021156256675720186, 3.976739976639133
13.15.2.jpeg, 0.5860000000000001, 0.56759155, 0.01840845203399666, 3.141374067234924
2.10.2.jpeg, 0.524, 0.5177614, 0.006238590717315695, 1.190570747579331
6.25.1.jpeg, 0.44400000000000006, 0.5867845, 0.14278448200225824, 32.158667117625725
17.28.3.jpeg, 0.44400000000000006, 0.55716527, 0.11316526508331293, 25.487672316061467
13.10.3.jpeg, 0.488, 0.54397786, 0.055977856636047374, 11.470872261485118
8.21.2.jpeg, 0.40800000000000003, 0.6087987, 0.20079868268966672, 49.21536340433008
19.3.2.jpeg, 0.626, 0.6889643, 0.06296430730819702, 10.058196055622528
13.10.2.jpeg, 0.488, 0.57337195, 0.08537194681167604, 17.494251395835253
10.20.2.jpeg, 0.466, 0.58217037, 0.11617036724090574, 24.92926335641754
21.12.1.jpeg, 0.52, 0.5500449, 0.030044894218444806, 5.7778642727778475
8.32.2.jpeg, 0.52, 0.56223214, 0.04223213672637938, 8.121564755072956
19.10.1.jpeg, 0.678, 0.55783683, 0.12016316938400273, 17.723181325074147
17.29.3.jpeg, 0.472, 0.51419485, 0.0421948461532593, 8.939586049419344
15.6.2.jpeg, 0.726, 0.6634469, 0.06255309677124021, 8.616129031851269
14.11.2.jpeg, 0.506, 0.48629737, 0.019702630996704107, 3.893800592234013
9.17.3.jpeg, 0.662, 0.6337657, 0.028234302520751986, 4.265000380778245
13.25.3.jpeg, 0.6679999999999999, 0.58159536, 0.08640463876724236, 12.934826162760835
7.6.1.jpeg, 0.562, 0.49591172, 0.0660882825851441, 11.759480887036315
9.16.1.jpeg, 0.642, 0.5880308, 0.053969184875488296, 8.406415089639921
9.14.3.jpeg, 0.64, 0.64407134, 0.004071340560913073, 0.6361469626426676
11.31.2.jpeg, 0.588, 0.60353494, 0.01553493690490726, 2.6419960722631397
21.12.3.jpeg, 0.52, 0.4928648, 0.027135212421417254, 5.218310081041779
3.1.3.jpeg, 0.508, 0.51022923, 0.002229229927062981, 0.43882478879192544
12.5.3.jpeg, 0.67, 0.6297966, 0.040203375816345255, 6.000503853185859
14.11.3.jpeg, 0.506, 0.46867487, 0.037325131654739385, 7.3765082321619335
9.34.3.jpeg, 0.45599999999999996, 0.61294204, 0.1569420399665833, 34.417114027759496
4.38.2.jpeg, 0.5860000000000001, 0.5266732, 0.05932680225372322, 10.124027688348672
10.19.1.jpeg, 0.666, 0.57335424, 0.0926457557678223, 13.910774139312657
8.3.2.jpeg, 0.492, 0.5418029, 0.049802883148193366, 10.122537225242555
2.5.1.jpeg, 0.736, 0.6777739, 0.058226107120513904, 7.911155858765476
9.17.1.jpeg, 0.662, 0.6189759, 0.04302412223815921, 6.499112120567857
6.21.3.jpeg, 0.53, 0.52306867, 0.006931333541870144, 1.3077987814849328
9.34.1.jpeg, 0.45599999999999996, 0.64293283, 0.1869328322410584, 40.994042158126845
12.18.2.jpeg, 0.518, 0.531721, 0.01372099590301512, 2.6488409079179767
21.29.1.jpeg, 0.496, 0.6368984, 0.14089839839935303, 28.406935161159886
12.12.3.jpeg, 0.6519999999999999, 0.5608941, 0.09110592794418326, 13.973301831929948
21.23.1.jpeg, 0.642, 0.61796606, 0.024033944129943863, 3.743605004664153
19.18.2.jpeg, 0.5519999999999999, 0.585521, 0.033520982742309635, 6.0726418011430505
11.11.1.jpeg, 0.532, 0.5088049, 0.023195082664489775, 4.3599779444529645
10.9.1.jpeg, 0.636, 0.64289474, 0.006894744873046865, 1.0840793825545385
8.32.3.jpeg, 0.52, 0.5757699, 0.05576990127563475, 10.724981014545143
6.25.2.jpeg, 0.44400000000000006, 0.59695673, 0.15295672988891595, 34.44971393894503
17.8.1.jpeg, 0.588, 0.5684543, 0.01954567480087277, 3.324094353889927
2.5.2.jpeg, 0.736, 0.6878154, 0.04818457221984862, 6.546816877696823
17.3.1.jpeg, 0.592, 0.52224964, 0.06975036096572873, 11.78215556853526
12.19.2.jpeg, 0.79, 0.54825395, 0.24174604654312137, 30.600765385205236
21.6.1.jpeg, 0.534, 0.48258144, 0.05141856336593631, 9.62894445054987
14.11.1.jpeg, 0.506, 0.5246736, 0.018673581123352045, 3.690431052045859
4.10.2.jpeg, 0.612, 0.59022063, 0.021779369831085194, 3.5587205606348356
13.15.3.jpeg, 0.5860000000000001, 0.56070083, 0.025299166202545242, 4.317263857089632
9.21.3.jpeg, 0.738, 0.6285157, 0.10948427963256835, 14.835268242895442
17.8.2.jpeg, 0.588, 0.63055515, 0.04255515289306644, 7.237270900181368
19.5.3.jpeg, 0.692, 0.6258099, 0.06619009208679194, 9.56504220907398
20.11.2.jpeg, 0.462, 0.60280854, 0.14080853509902952, 30.478037900222837
20.19.1.jpeg, 0.52, 0.5146808, 0.005319197177886981, 1.0229225342090347
11.31.3.jpeg, 0.588, 0.57873964, 0.009260356903076139, 1.5748906297748537
14.8.2.jpeg, 0.538, 0.56157184, 0.023571836471557583, 4.381382243783937
4.3.1.jpeg, 0.6519999999999999, 0.49744385, 0.15455614519119254, 23.70493024404794
13.25.1.jpeg, 0.6679999999999999, 0.56360734, 0.10439266490936272, 15.627644447509393
15.20.1.jpeg, 0.42000000000000004, 0.5848562, 0.1648562121391296, 39.25147908074514
9.16.3.jpeg, 0.642, 0.60482705, 0.03717295360565187, 5.790179689353874
4.28.2.jpeg, 0.5860000000000001, 0.51138645, 0.07461354589462288, 12.732687012734278
11.31.1.jpeg, 0.588, 0.5233247, 0.064675271987915, 10.999195916312077
12.5.2.jpeg, 0.67, 0.58104783, 0.08895216703414921, 13.27644284091779
7.18.2.jpeg, 0.538, 0.5894196, 0.05141960334777829, 9.557547090665109
10.9.3.jpeg, 0.636, 0.646705, 0.010704971790313711, 1.6831716651436652
9.22.3.jpeg, 0.786, 0.40777552, 0.3782244787216187, 48.12016268722884
14.8.1.jpeg, 0.538, 0.5890059, 0.0510058875083923, 9.48064823576065
12.21.2.jpeg, 0.48600000000000004, 0.5442306, 0.058230580329894976, 11.981600890924891
15.7.1.jpeg, 0.634, 0.569988, 0.06401198768615723, 10.096528026207766
6.10.3.jpeg, 0.674, 0.5730444, 0.10095558071136479, 14.978572805840473
17.15.2.jpeg, 0.46799999999999997, 0.57355225, 0.10555225086212161, 22.553899756863593
17.28.1.jpeg, 0.44400000000000006, 0.50599784, 0.06199783658981317, 13.96347670941738
10.31.2.jpeg, 0.5559999999999999, 0.5117514, 0.044248586654663025, 7.958378894723567
8.17.2.jpeg, 0.502, 0.6298113, 0.12781128692626953, 25.46041572236445
13.21.3.jpeg, 0.5780000000000001, 0.55296105, 0.02503894853591926, 4.331998016595027
15.7.2.jpeg, 0.634, 0.5299576, 0.1040424075126648, 16.410474371082774
15.7.3.jpeg, 0.634, 0.5217856, 0.11221438312530518, 17.699429515032364
12.18.1.jpeg, 0.518, 0.56018955, 0.04218954515457152, 8.144699836789867
3.17.2.jpeg, 0.44000000000000006, 0.5661385, 0.1261385059356689, 28.667842258106564
8.4.2.jpeg, 0.604, 0.5609818, 0.043018189907073956, 7.122216872032112
12.12.2.jpeg, 0.6519999999999999, 0.5759697, 0.07603030395507804, 11.661089563662278
15.3.3.jpeg, 0.63, 0.59635997, 0.0336400318145752, 5.339687589615111
4.9.1.jpeg, 0.576, 0.6583966, 0.08239660167694096, 14.304965568913364
7.4.3.jpeg, 0.658, 0.6444304, 0.01356960105895999, 2.0622494010577492
4.3.2.jpeg, 0.6519999999999999, 0.5200446, 0.13195537519454947, 20.23855447769164
13.25.2.jpeg, 0.6679999999999999, 0.5884815, 0.07951851415634148, 11.90396918508106
15.22.2.jpeg, 0.256, 0.47087964, 0.21487964415550231, 83.9373609982431
14.15.2.jpeg, 0.538, 0.57831395, 0.040313946723937955, 7.493298647572109
13.10.1.jpeg, 0.488, 0.5380089, 0.050008928298950206, 10.247731208801273
19.18.3.jpeg, 0.5519999999999999, 0.56642824, 0.014428244113922184, 2.6138123394786565
10.34.1.jpeg, 0.52, 0.6050448, 0.08504478216171263, 16.354765800329353
19.3.3.jpeg, 0.626, 0.63506836, 0.009068356990814208, 1.4486193276061035
20.19.2.jpeg, 0.52, 0.5448293, 0.0248293089866638, 4.774867112819962
7.6.2.jpeg, 0.562, 0.52321833, 0.038781666278839166, 6.900652362782769
13.24.1.jpeg, 0.492, 0.6014776, 0.10947762298583985, 22.251549387365824
21.12.2.jpeg, 0.52, 0.5552069, 0.035206894874572736, 6.770556706648604
17.9.2.jpeg, 0.58, 0.55821395, 0.02178605079650875, 3.7562156545704743
19.18.1.jpeg, 0.5519999999999999, 0.5173962, 0.03460378837585443, 6.268802242002615
17.9.3.jpeg, 0.58, 0.5634263, 0.016573684215545614, 2.857531761300968
6.25.3.jpeg, 0.44400000000000006, 0.60252523, 0.15852523422241205, 35.70388158162433
19.9.1.jpeg, 0.43200000000000005, 0.5724365, 0.140436511516571, 32.508451739946985
3.19.1.jpeg, 0.622, 0.6212346, 0.0007654042243957493, 0.12305534154272496
8.21.1.jpeg, 0.40800000000000003, 0.5810445, 0.17304449510574338, 42.41286644748612
6.10.1.jpeg, 0.674, 0.6186662, 0.05533382797241215, 8.209766761485483
21.29.3.jpeg, 0.496, 0.58659446, 0.09059446239471436, 18.26501257957951
8.32.1.jpeg, 0.52, 0.50499064, 0.015009362697601336, 2.886415903384872
15.22.3.jpeg, 0.256, 0.5086197, 0.2526197257041931, 98.67958035320044
12.17.1.jpeg, 0.49800000000000005, 0.5754744, 0.07747438144683833, 15.557104708200464
8.4.3.jpeg, 0.604, 0.56560063, 0.03839936637878416, 6.357510989864927
8.3.3.jpeg, 0.492, 0.57545376, 0.0834537582397461, 16.96214598368823
6.24.3.jpeg, 0.426, 0.60038257, 0.17438256645202638, 40.9348747539968
10.31.1.jpeg, 0.5559999999999999, 0.598727, 0.04272698783874518, 7.684710042939781
12.17.3.jpeg, 0.49800000000000005, 0.56576645, 0.0677664537429809, 13.607721635136727
11.5.1.jpeg, 0.644, 0.6291475, 0.014852470397949236, 2.3062842232840426
21.23.3.jpeg, 0.642, 0.56327087, 0.07872913312911989, 12.263104848772569
3.19.3.jpeg, 0.622, 0.6121764, 0.009823581695556638, 1.5793539703467263
2.10.3.jpeg, 0.524, 0.5393638, 0.015363801479339578, 2.932023183080072
17.9.1.jpeg, 0.58, 0.5458652, 0.03413482189178463, 5.885314119273212
20.5.2.jpeg, 0.572, 0.62851197, 0.05651196527481084, 9.879714208883014
9.22.1.jpeg, 0.786, 0.536008, 0.2499919996261597, 31.80559791681421
2.16.2.jpeg, 0.5740000000000001, 0.57076114, 0.0032388558387757005, 0.5642605990898432
20.11.1.jpeg, 0.462, 0.6024175, 0.14041752862930296, 30.39340446521709
19.5.2.jpeg, 0.692, 0.606241, 0.08575901222228999, 12.392920841371387
21.27.1.jpeg, 0.43600000000000005, 0.5399596, 0.10395960950851435, 23.843947134980354
10.10.2.jpeg, 0.532, 0.5879712, 0.0559712104797363, 10.520904225514341
21.18.3.jpeg, 0.394, 0.57912236, 0.1851223645210266, 46.98537170584431
14.15.3.jpeg, 0.538, 0.550829, 0.012828993320465054, 2.384571249157073
12.5.1.jpeg, 0.67, 0.61906147, 0.05093852996826176, 7.60276566690474
13.24.2.jpeg, 0.492, 0.59700584, 0.10500584411621094, 21.34265124313231
15.19.2.jpeg, 0.548, 0.5733301, 0.02533010435104366, 4.622281815883879
6.21.2.jpeg, 0.53, 0.5700141, 0.04001411914825437, 7.549833801557428
9.9.3.jpeg, 0.666, 0.6218115, 0.04418849086761478, 6.6349085386808975
6.10.2.jpeg, 0.674, 0.648886, 0.02511397504806523, 3.7261090575764433
7.18.3.jpeg, 0.538, 0.65637153, 0.11837153387069699, 22.002143842136984
15.20.2.jpeg, 0.42000000000000004, 0.53723294, 0.11723293542861934, 27.912603673480795
13.15.1.jpeg, 0.5860000000000001, 0.56678617, 0.019213829994201737, 3.278810579215313
2.16.1.jpeg, 0.5740000000000001, 0.58486664, 0.010866642951965266, 1.89314337142252
19.3.1.jpeg, 0.626, 0.54386973, 0.0821302661895752, 13.119850829005623
13.21.1.jpeg, 0.5780000000000001, 0.5340659, 0.04393409776687629, 7.601054976968215
8.16.3.jpeg, 0.526, 0.55015194, 0.024151944160461403, 4.591624365106731
6.20.2.jpeg, 0.576, 0.67463315, 0.09863314533233647, 17.12380995353064
4.38.3.jpeg, 0.5860000000000001, 0.5507623, 0.03523770427703865, 6.013260115535605
9.21.1.jpeg, 0.738, 0.610291, 0.1277089958190918, 17.304741980906748
17.29.2.jpeg, 0.472, 0.54144186, 0.06944185781478884, 14.712258011607807
10.10.3.jpeg, 0.532, 0.6085727, 0.07657272148132321, 14.393368699496845
9.16.2.jpeg, 0.642, 0.5817182, 0.06028179359436037, 9.389687475757066
3.11.1.jpeg, 0.5820000000000001, 0.5828552, 0.0008552246093749272, 0.14694580917094965
9.34.2.jpeg, 0.45599999999999996, 0.61604095, 0.16004094505310063, 35.09669847655716
12.21.1.jpeg, 0.48600000000000004, 0.5442839, 0.05828392648696895, 11.992577466454515
3.17.3.jpeg, 0.44000000000000006, 0.48783705, 0.047837046384811344, 10.872055996548031
10.20.1.jpeg, 0.466, 0.5469347, 0.08093472385406492, 17.36796649228861
12.21.3.jpeg, 0.48600000000000004, 0.57632846, 0.09032845640182491, 18.58610214029319
21.6.2.jpeg, 0.534, 0.55547434, 0.0214743409156799, 4.021412156494363
6.24.2.jpeg, 0.426, 0.51448727, 0.08848726654052735, 20.771658812330365
11.11.3.jpeg, 0.532, 0.58009624, 0.04809624481201169, 9.04064752105483
12.12.1.jpeg, 0.6519999999999999, 0.5832332, 0.06876682233810416, 10.547058640813523
4.28.3.jpeg, 0.5860000000000001, 0.5172005, 0.06879947042465218, 11.740523963251222
17.29.1.jpeg, 0.472, 0.5518967, 0.07989669132232669, 16.927265110662436
21.6.3.jpeg, 0.534, 0.5390814, 0.005081394672393769, 0.9515720360287956
2.10.1.jpeg, 0.524, 0.51710755, 0.00689245367050173, 1.315353753912544
10.20.3.jpeg, 0.466, 0.56903404, 0.10303403997421262, 22.110309007341762
19.10.3.jpeg, 0.678, 0.57043505, 0.10756495285034184, 15.865037293560743
14.15.1.jpeg, 0.538, 0.54891884, 0.01091884326934811, 2.0295247712542954
11.5.3.jpeg, 0.644, 0.61549324, 0.028506762027740495, 4.426515842816848
7.4.1.jpeg, 0.658, 0.58971417, 0.06828583049774173, 10.377785789930353
8.4.1.jpeg, 0.604, 0.5768019, 0.027198103904724102, 4.502997335219222
2.16.3.jpeg, 0.5740000000000001, 0.5582135, 0.015786527633667058, 2.750266138269522
19.5.1.jpeg, 0.692, 0.6019246, 0.09007540178298945, 13.01667655823547
17.13.3.jpeg, 0.492, 0.52143043, 0.02943043279647828, 5.981795283837048
20.11.3.jpeg, 0.462, 0.67411876, 0.21211875724792478, 45.913150919464236
7.4.2.jpeg, 0.658, 0.62686074, 0.031139262199401885, 4.7324106686021095
17.8.3.jpeg, 0.588, 0.56229365, 0.02570635128021237, 4.371828449015709
12.19.3.jpeg, 0.79, 0.5721445, 0.21785549163818363, 27.576644511162485
17.13.1.jpeg, 0.492, 0.4840648, 0.007935212373733513, 1.6128480434417711
10.34.3.jpeg, 0.52, 0.62089944, 0.10089943885803221, 19.40373824192927
15.22.1.jpeg, 0.256, 0.5416415, 0.2856414737701416, 111.57870069146156
13.24.3.jpeg, 0.492, 0.5288726, 0.03687260913848878, 7.494432751725361
3.11.2.jpeg, 0.5820000000000001, 0.55463326, 0.02736674022674568, 4.702189042396164
9.14.2.jpeg, 0.64, 0.62359893, 0.016401066780090345, 2.5626666843891166
20.5.1.jpeg, 0.572, 0.56181484, 0.010185155391693068, 1.7806215719743126
3.1.1.jpeg, 0.508, 0.5298236, 0.02182360124588012, 4.295984497220496
7.6.3.jpeg, 0.562, 0.5554843, 0.006515705108642633, 1.1593781332104327
15.6.1.jpeg, 0.726, 0.6437726, 0.08222739791870115, 11.32608786758969
3.13.2.jpeg, 0.394, 0.4873499, 0.09334989762306212, 23.692867417020842
8.21.3.jpeg, 0.40800000000000003, 0.56977284, 0.16177283954620358, 39.65020577112833
3.1.2.jpeg, 0.508, 0.5538653, 0.045865313529968255, 9.028605025584302
9.2.2.jpeg, 0.688, 0.6620585, 0.02594152736663813, 3.7705708381741467
4.14.1.jpeg, 0.538, 0.48155046, 0.056449544906616245, 10.492480465913799
12.1.1.jpeg, 0.72, 0.54948395, 0.17051604509353635, 23.68278404076894
19.2.1.jpeg, 0.614, 0.54502213, 0.06897786998748778, 11.234180779721136
15.18.1.jpeg, 0.546, 0.6333548, 0.08735478305816646, 15.999044516147704
20.8.1.jpeg, 0.634, 0.56353253, 0.07046746873855592, 11.114742703242259
21.11.1.jpeg, 0.702, 0.536752, 0.1652480144500732, 23.539603198016128
6.11.2.jpeg, 0.496, 0.6673594, 0.17135941171646119, 34.54826849122201
15.2.3.jpeg, 0.404, 0.55931485, 0.15531484699249265, 38.44426905754768
7.5.3.jpeg, 0.596, 0.49863303, 0.09736697292327878, 16.336740423368923
9.19.1.jpeg, 0.626, 0.53191847, 0.094081533908844, 15.028999026971885
21.19.1.jpeg, 0.538, 0.54608077, 0.008080768108367886, 1.5020015071315773
12.20.1.jpeg, 0.476, 0.45313552, 0.022864479780197122, 4.803462138696875
10.2.3.jpeg, 0.6759999999999999, 0.63012344, 0.04587656354904168, 6.786473897787232
21.19.3.jpeg, 0.538, 0.5695519, 0.031551885128021206, 5.864662663200967
11.7.3.jpeg, 0.606, 0.5620176, 0.04398238039016722, 7.2578185462322145
21.11.2.jpeg, 0.702, 0.47413772, 0.22786227655410762, 32.45901375414639
3.21.3.jpeg, 0.438, 0.5194165, 0.08141651105880737, 18.588244533974287
4.34.1.jpeg, 0.616, 0.4726441, 0.14335590934753417, 23.272063205768532
4.8.3.jpeg, 0.542, 0.53598464, 0.006015364646911658, 1.1098458758139589
4.14.2.jpeg, 0.538, 0.5106794, 0.02732057619094852, 5.078174013187457
8.27.2.jpeg, 0.65, 0.5246546, 0.12534537315368655, 19.28390356210562
11.1.2.jpeg, 0.506, 0.52985793, 0.023857933521270747, 4.715006624757065
21.19.2.jpeg, 0.538, 0.5627618, 0.024761783599853482, 4.60256200740771
7.1.2.jpeg, 0.674, 0.6411891, 0.03281090164184575, 4.8680862970097545
13.34.2.jpeg, 0.352, 0.5403873, 0.18838727283477785, 53.519111600789174
4.39.3.jpeg, 0.22999999999999998, 0.5510621, 0.32106210708618166, 139.5922204722529
3.34.2.jpeg, 0.176, 0.54897547, 0.3729754676818848, 211.91787936470726
3.26.2.jpeg, 0.692, 0.54702914, 0.1449708623886108, 20.949546587949538
21.16.2.jpeg, 0.5519999999999999, 0.5432581, 0.008741929054260189, 1.583682799684817
19.15.3.jpeg, 0.248, 0.65067565, 0.4026756544113159, 162.36921548843384
8.27.1.jpeg, 0.65, 0.56219697, 0.08780303001403811, 13.50815846369817
6.15.2.jpeg, 0.49800000000000005, 0.5191861, 0.02118607950210566, 4.254232831748124
3.31.3.jpeg, 0.52, 0.6348839, 0.11488388061523436, 22.093053964468147
10.12.1.jpeg, 0.5860000000000001, 0.5426527, 0.0433472738265992, 7.397145704197815
12.20.3.jpeg, 0.476, 0.4764358, 0.00043581032752992854, 0.09155679149788415
7.12.3.jpeg, 0.518, 0.582857, 0.06485701274871825, 12.520658831798888
10.11.3.jpeg, 0.6759999999999999, 0.66244996, 0.013550044059753352, 2.004444387537478
11.21.2.jpeg, 0.426, 0.5256147, 0.0996146788597107, 23.383727431856975
17.20.1.jpeg, 0.462, 0.5011339, 0.03913391876220701, 8.470545186624893
13.27.3.jpeg, 0.304, 0.51650345, 0.21250345325469971, 69.90245172851964
9.19.3.jpeg, 0.626, 0.5205953, 0.10540468788146973, 16.837809565729987
10.30.3.jpeg, 0.756, 0.5853186, 0.1706813750267029, 22.57690145855858
11.7.2.jpeg, 0.606, 0.612368, 0.006367987632751482, 1.0508230417081652
4.17.2.jpeg, 0.426, 0.5257715, 0.09977149868011476, 23.42053959627107
10.35.3.jpeg, 0.548, 0.54607266, 0.0019273381233215758, 0.35170403710247733
7.10.3.jpeg, 0.5660000000000001, 0.5881373, 0.022137328624725283, 3.9111888029549964
10.5.3.jpeg, 0.6559999999999999, 0.53285676, 0.12314323759078971, 18.771834998595995
19.21.1.jpeg, 0.396, 0.5580592, 0.16205921554565428, 40.924044329710675
15.2.1.jpeg, 0.404, 0.5380768, 0.13407681798934934, 33.18733118548251
9.25.1.jpeg, 0.576, 0.57713085, 0.0011308541297913033, 0.19632884197765682
21.1.1.jpeg, 0.5660000000000001, 0.5961579, 0.030157908439636172, 5.3282523744940224
17.20.3.jpeg, 0.462, 0.51497865, 0.05297864723205564, 11.467239660618104
9.32.2.jpeg, 0.6759999999999999, 0.6188853, 0.05711472129821771, 8.448923268967118
8.15.2.jpeg, 0.476, 0.55797684, 0.08197684192657473, 17.222025614826624
21.11.3.jpeg, 0.702, 0.5295826, 0.17241738033294673, 24.560880389308654
10.5.2.jpeg, 0.6559999999999999, 0.50001997, 0.15598003244400016, 23.77744397012198
8.6.2.jpeg, 0.646, 0.60635614, 0.039643856048584, 6.136819821762229
3.31.2.jpeg, 0.52, 0.597728, 0.07772801399230955, 14.947694998521065
7.26.2.jpeg, 0.45599999999999996, 0.5321794, 0.0761794152259827, 16.706012110961122
6.23.3.jpeg, 0.544, 0.55811965, 0.014119654655456504, 2.595524752841269
21.16.1.jpeg, 0.5519999999999999, 0.5892129, 0.03721289443969733, 6.74146638400314
3.35.2.jpeg, 0.502, 0.58019453, 0.07819453287124634, 15.576600173555047
15.9.3.jpeg, 0.604, 0.53640825, 0.0675917544364929, 11.190687820611407
9.25.3.jpeg, 0.576, 0.58620584, 0.010205840110778852, 1.7718472414546618
19.19.2.jpeg, 0.558, 0.51783806, 0.04016193914413457, 7.197480133357449
4.17.1.jpeg, 0.426, 0.568297, 0.14229702854156495, 33.403058343090365
17.20.2.jpeg, 0.462, 0.53277975, 0.07077975320816038, 15.320292902199215
6.23.1.jpeg, 0.544, 0.51940197, 0.02459803247451786, 4.521697146051077
12.20.2.jpeg, 0.476, 0.4543424, 0.021657604932785013, 4.549917002685927
8.29.3.jpeg, 0.612, 0.5526051, 0.05939490747451781, 9.705050240934284
19.19.1.jpeg, 0.558, 0.51225954, 0.04574045705795293, 8.197214526514863
12.13.3.jpeg, 0.546, 0.60501754, 0.05901754283905025, 10.809073780045834
8.13.2.jpeg, 0.662, 0.52586097, 0.13613903474807743, 20.564808874331934
9.2.1.jpeg, 0.688, 0.7488413, 0.06084128570556646, 8.843210131623033
3.35.1.jpeg, 0.502, 0.59899336, 0.09699336099624634, 19.32138665263871
12.23.1.jpeg, 0.5980000000000001, 0.645811, 0.047811021327972325, 7.995154068222796
13.7.2.jpeg, 0.632, 0.59467465, 0.03732535314559937, 5.905910307848002
8.29.1.jpeg, 0.612, 0.65985394, 0.04785393524169923, 7.81927046432994
13.34.1.jpeg, 0.352, 0.48144424, 0.12944423961639406, 36.77393170920286
6.23.2.jpeg, 0.544, 0.5416132, 0.0023867788314819727, 0.43874610872830383
10.18.3.jpeg, 0.46799999999999997, 0.5300862, 0.062086219310760526, 13.266286177512935
17.7.1.jpeg, 0.544, 0.49493566, 0.04906433844566349, 9.0191798613352
6.14.3.jpeg, 0.6559999999999999, 0.63308907, 0.022910934448242104, 3.492520495158858
8.13.3.jpeg, 0.662, 0.5181428, 0.14385718059539798, 21.730691932839573
8.28.1.jpeg, 0.616, 0.6021499, 0.013850096225738517, 2.248392244438071
19.4.2.jpeg, 0.366, 0.69212145, 0.3261214461326599, 89.10422025482512
10.28.2.jpeg, 0.6679999999999999, 0.57517, 0.09283001947402947, 13.89670950210022
11.1.1.jpeg, 0.506, 0.5693834, 0.0633833827972412, 12.526360236608932
10.12.3.jpeg, 0.5860000000000001, 0.52068913, 0.06531087017059334, 11.14519968781456
10.35.2.jpeg, 0.548, 0.55027914, 0.0022791404724120667, 0.4159015460605961
7.12.1.jpeg, 0.518, 0.5437052, 0.02570522499084471, 4.962398646881218
7.1.1.jpeg, 0.674, 0.61220473, 0.061795269489288374, 9.168437609686702
15.9.2.jpeg, 0.604, 0.553051, 0.050949005126953106, 8.435265749495548
15.9.1.jpeg, 0.604, 0.5351479, 0.06885209465026854, 11.399353418918633
4.17.3.jpeg, 0.426, 0.5676961, 0.14169609451293946, 33.26199401712194
19.22.1.jpeg, 0.52, 0.52650595, 0.006505947113037092, 1.2511436755840561
12.3.2.jpeg, 0.658, 0.56884116, 0.08915884065628055, 13.549975783629261
17.6.3.jpeg, 0.606, 0.54150075, 0.06449925279617308, 10.643441055474105
14.19.3.jpeg, 0.762, 0.63272464, 0.12927535724639894, 16.96526997984238
12.3.1.jpeg, 0.658, 0.6391329, 0.018867083072662383, 2.867337852988204
11.1.3.jpeg, 0.506, 0.54236996, 0.03636996173858642, 7.187739474028937
3.21.1.jpeg, 0.438, 0.47447026, 0.03647025775909424, 8.326542867373114
19.6.3.jpeg, 0.584, 0.57209915, 0.01190085077285763, 2.037816913160553
19.15.1.jpeg, 0.248, 0.69957846, 0.4515784640312195, 182.08809033516914
13.3.3.jpeg, 0.63, 0.48100585, 0.14899415254592896, 23.649865483480788
8.11.3.jpeg, 0.49400000000000005, 0.6331928, 0.13919277763366694, 28.176675634345532
19.15.2.jpeg, 0.248, 0.6712268, 0.42322679948806763, 170.65596753551114
12.23.2.jpeg, 0.5980000000000001, 0.54644626, 0.05155373620986947, 8.62102612205175
19.19.3.jpeg, 0.558, 0.5478497, 0.010150285243988089, 1.8190475347648905
12.25.2.jpeg, 0.344, 0.5767299, 0.23272989368438723, 67.65403886174049
4.14.3.jpeg, 0.538, 0.62166667, 0.08366666984558102, 15.55142562185521
17.22.3.jpeg, 0.45, 0.47594857, 0.025948572158813465, 5.766349368625214
17.6.2.jpeg, 0.606, 0.57277554, 0.033224457263946516, 5.482583706921868
17.7.3.jpeg, 0.544, 0.5517515, 0.0077514944076537695, 1.4249070602304723
8.13.1.jpeg, 0.662, 0.5627178, 0.09928220462799076, 14.997311877339992
12.3.3.jpeg, 0.658, 0.5420213, 0.11597872543334964, 17.625946114490826
13.7.1.jpeg, 0.632, 0.5570966, 0.07490339946746827, 11.851803713207005
10.11.2.jpeg, 0.6759999999999999, 0.6440867, 0.0319132814407348, 4.7208996214104735
7.7.1.jpeg, 0.42400000000000004, 0.62548614, 0.20148613548278804, 47.52031497235566
12.1.2.jpeg, 0.72, 0.57571244, 0.14428755760192868, 20.03993855582343
11.20.3.jpeg, 0.55, 0.5981523, 0.048152279853820756, 8.754959973421956
19.4.3.jpeg, 0.366, 0.66867733, 0.30267733001708985, 82.6987240483852
7.5.2.jpeg, 0.596, 0.6485391, 0.05253912591934207, 8.815289583782226
14.18.1.jpeg, 0.40599999999999997, 0.5390304, 0.1330303730964661, 32.766101747898055
13.19.1.jpeg, 0.472, 0.60878474, 0.13678473520278933, 28.979816780251976
10.24.1.jpeg, 0.568, 0.57761985, 0.009619850635528615, 1.6936356752691224
17.7.2.jpeg, 0.544, 0.47649938, 0.06750062131881718, 12.40820244831198
7.5.1.jpeg, 0.596, 0.58486223, 0.011137767791748021, 1.8687529851926212
15.18.2.jpeg, 0.546, 0.6175826, 0.07158261919021602, 13.11036981505788
10.2.1.jpeg, 0.6759999999999999, 0.5475595, 0.12844050025939935, 19.000074002869727
10.35.1.jpeg, 0.548, 0.61838615, 0.07038614940643306, 12.844187847889243
7.26.3.jpeg, 0.45599999999999996, 0.4703314, 0.014331400632858315, 3.1428510159777012
13.34.3.jpeg, 0.352, 0.5437111, 0.1917111258506775, 54.463388025760665
8.27.3.jpeg, 0.65, 0.54276216, 0.10723783969879153, 16.498129184429462
7.10.2.jpeg, 0.5660000000000001, 0.59684753, 0.03084753417968744, 5.45009437803665
15.1.1.jpeg, 0.6839999999999999, 0.46912557, 0.2148744311332702, 31.414390516559976
2.17.1.jpeg, 0.504, 0.5319081, 0.027908094882965084, 5.537320413286723
19.22.3.jpeg, 0.52, 0.5114815, 0.008518476486206072, 1.6381685550396292
11.7.1.jpeg, 0.606, 0.57404625, 0.031953745841979964, 5.27289535346204
3.35.3.jpeg, 0.502, 0.5581009, 0.05610087919235229, 11.175473942699659
3.26.1.jpeg, 0.692, 0.5928901, 0.09910991621017451, 14.32224222690383
8.11.2.jpeg, 0.49400000000000005, 0.62483525, 0.13083525276184077, 26.484868980129704
7.2.2.jpeg, 0.8, 0.6289124, 0.17108761072158818, 21.385951340198524
13.3.1.jpeg, 0.63, 0.5843554, 0.0456445860862732, 7.245172394646539
9.25.2.jpeg, 0.576, 0.57713085, 0.0011308541297913033, 0.19632884197765682
19.6.2.jpeg, 0.584, 0.5248327, 0.05916727447509762, 10.131382615598907
10.2.2.jpeg, 0.6759999999999999, 0.5609832, 0.11501681900024407, 17.014322337314212
14.18.3.jpeg, 0.40599999999999997, 0.5262443, 0.12024428272247317, 29.616818404550045
4.39.1.jpeg, 0.22999999999999998, 0.5486129, 0.3186128926277161, 138.52734462074613
4.39.2.jpeg, 0.22999999999999998, 0.54637444, 0.3163744401931763, 137.5541044318158
13.27.2.jpeg, 0.304, 0.5282304, 0.22423042869567872, 73.760009439368
3.15.2.jpeg, 0.492, 0.4936099, 0.001609905242919929, 0.3272165127886035
4.34.3.jpeg, 0.616, 0.5459533, 0.07004672622680663, 11.371221790066013
13.19.2.jpeg, 0.472, 0.58301574, 0.11101573991775515, 23.52028388088033
11.21.3.jpeg, 0.426, 0.47490823, 0.04890823268890382, 11.480805795517329
10.28.1.jpeg, 0.6679999999999999, 0.5751589, 0.09284110593795769, 13.898369152388879
19.22.2.jpeg, 0.52, 0.5065622, 0.013437826633453387, 2.5841974295102665
19.21.2.jpeg, 0.396, 0.564329, 0.16832902812957762, 42.50733033575192
8.15.3.jpeg, 0.476, 0.5593054, 0.08330542945861819, 17.501140642566845
8.15.1.jpeg, 0.476, 0.5241331, 0.04813308620452883, 10.1119929001111
8.29.2.jpeg, 0.612, 0.5794325, 0.03256751251220702, 5.321488972582846
13.7.3.jpeg, 0.632, 0.57229185, 0.059708148956298834, 9.447491923465005
12.25.1.jpeg, 0.344, 0.57223165, 0.22823165035247805, 66.34640998618548
7.19.1.jpeg, 0.568, 0.5450899, 0.022910099506378123, 4.033468222953895
3.34.1.jpeg, 0.176, 0.48868853, 0.31268852853775025, 177.66393666917628
12.13.1.jpeg, 0.546, 0.5860617, 0.04006171607971187, 7.337310637309866
15.1.3.jpeg, 0.6839999999999999, 0.49279404, 0.19120596313476557, 27.95408817759731
17.6.1.jpeg, 0.606, 0.5456149, 0.060385101795196516, 9.96453825003243
2.35.3.jpeg, 0.454, 0.52791893, 0.0739189348220825, 16.281703705304515
14.19.1.jpeg, 0.762, 0.64396137, 0.11803863000869752, 15.490633859409122
15.1.2.jpeg, 0.6839999999999999, 0.47991076, 0.20408923888206476, 29.83760802369368
9.1.2.jpeg, 0.6940000000000001, 0.5953992, 0.09860079908370978, 14.207607937133973
12.1.3.jpeg, 0.72, 0.5623533, 0.1576466870307922, 21.895373198721142
11.20.1.jpeg, 0.55, 0.5839492, 0.033949208259582475, 6.172583319924086
10.30.1.jpeg, 0.756, 0.5181153, 0.23788471794128419, 31.4662325319159
20.8.2.jpeg, 0.634, 0.568574, 0.06542598867416383, 10.31955657321196
19.2.3.jpeg, 0.614, 0.45402488, 0.15997511887550353, 26.054579621417513
11.24.1.jpeg, 0.836, 0.5064443, 0.32955572462081906, 39.42054122258602
6.11.3.jpeg, 0.496, 0.5596677, 0.06366770648956299, 12.836231147089313
2.35.2.jpeg, 0.454, 0.53878945, 0.08478945112228392, 18.676090555569143
13.19.3.jpeg, 0.472, 0.61744756, 0.14544755506515505, 30.815159971431154
21.1.2.jpeg, 0.5660000000000001, 0.5761047, 0.010104700565338076, 1.7852827853954196
8.28.3.jpeg, 0.616, 0.60775834, 0.008241656780242912, 1.3379312954939793
7.7.3.jpeg, 0.42400000000000004, 0.5791316, 0.15513160324096675, 36.58764227381291
7.26.1.jpeg, 0.45599999999999996, 0.52400815, 0.06800815486907963, 14.914069050236762
17.22.1.jpeg, 0.45, 0.42400488, 0.02599511742591859, 5.776692761315242
20.8.3.jpeg, 0.634, 0.5614299, 0.0725700821876526, 11.446385203099778
11.21.1.jpeg, 0.426, 0.456511, 0.030510990858078013, 7.162204426778876
2.17.2.jpeg, 0.504, 0.53273326, 0.028733261585235592, 5.701043965324523
6.15.3.jpeg, 0.49800000000000005, 0.5148177, 0.016817714691162056, 3.3770511428036256
6.11.1.jpeg, 0.496, 0.5792289, 0.08322887802124024, 16.780015730088756
21.1.3.jpeg, 0.5660000000000001, 0.60959345, 0.04359345102310175, 7.702023148957905
2.35.1.jpeg, 0.454, 0.47332716, 0.019327159881591782, 4.257083674359423
4.8.2.jpeg, 0.542, 0.53250873, 0.009491269111633338, 1.7511566626629775
17.22.2.jpeg, 0.45, 0.40086073, 0.049139273166656505, 10.919838481479223
19.2.2.jpeg, 0.614, 0.5203449, 0.09365508699417113, 15.253271497422007
8.6.3.jpeg, 0.646, 0.58669955, 0.05930045461654665, 9.17963693754592
7.1.3.jpeg, 0.674, 0.5676039, 0.10639611387252812, 15.785773571591708
3.26.3.jpeg, 0.692, 0.50853753, 0.1834624691009521, 26.51191750013759
14.18.2.jpeg, 0.40599999999999997, 0.5710659, 0.16506590270996097, 40.65662628324162
19.4.1.jpeg, 0.366, 0.6213639, 0.2553638782501221, 69.77155143445958
11.24.3.jpeg, 0.836, 0.54806584, 0.28793415880203244, 34.44188502416657
8.28.2.jpeg, 0.616, 0.5899258, 0.02607417440414428, 4.232820520153292
12.13.2.jpeg, 0.546, 0.58551574, 0.039515737533569295, 7.2373145665877825
15.2.2.jpeg, 0.404, 0.57309335, 0.16909335470199582, 41.854790767820745
15.18.3.jpeg, 0.546, 0.640656, 0.09465599441528316, 17.336262713421824
9.32.3.jpeg, 0.6759999999999999, 0.63949627, 0.03650373315811151, 5.399960526347856
9.2.3.jpeg, 0.688, 0.6549191, 0.03308091211318964, 4.808272109475239
11.20.2.jpeg, 0.55, 0.613377, 0.06337697505950923, 11.523086374456224
13.3.2.jpeg, 0.63, 0.5793054, 0.05069458961486817, 8.04676025632828
3.34.3.jpeg, 0.176, 0.53269047, 0.3566904654502869, 202.665037187663
10.5.1.jpeg, 0.6559999999999999, 0.5613139, 0.09468607282638541, 14.433852564997778
12.25.3.jpeg, 0.344, 0.5642698, 0.22026978111267093, 64.03191311414854
7.10.1.jpeg, 0.5660000000000001, 0.551048, 0.014952019214630186, 2.6416995078851917
4.34.2.jpeg, 0.616, 0.53925335, 0.07674664592742919, 12.458871092115128
7.19.2.jpeg, 0.568, 0.55488336, 0.013116639137268016, 2.309267453744369
10.12.2.jpeg, 0.5860000000000001, 0.52401656, 0.061983440876007156, 10.577378989079717
6.14.1.jpeg, 0.6559999999999999, 0.5717454, 0.08425460433959953, 12.843689685914564
9.1.1.jpeg, 0.6940000000000001, 0.63537586, 0.05862414264678961, 8.447282802131067
12.23.3.jpeg, 0.5980000000000001, 0.57053363, 0.027466366767883388, 4.593037921050733
3.21.2.jpeg, 0.438, 0.47921574, 0.04121574115753174, 9.409986565646514
21.16.3.jpeg, 0.5519999999999999, 0.5710934, 0.019093380451202457, 3.458945733913489
9.19.2.jpeg, 0.626, 0.5229465, 0.10305352306365967, 16.462224131575027
7.7.2.jpeg, 0.42400000000000004, 0.57793915, 0.1539391527175903, 36.30640394282789
13.27.1.jpeg, 0.304, 0.5207369, 0.21673687314987183, 71.29502406245784
9.1.3.jpeg, 0.6940000000000001, 0.6405601, 0.05343990945816046, 7.700275138063467
11.24.2.jpeg, 0.836, 0.5721818, 0.26381817913055416, 31.557198460592605
3.31.1.jpeg, 0.52, 0.56923026, 0.049230258464813215, 9.467357397079464
3.15.1.jpeg, 0.492, 0.52810645, 0.036106451034545906, 7.338709559867055
7.2.3.jpeg, 0.8, 0.6004703, 0.1995296955108643, 24.94121193885804
10.24.3.jpeg, 0.568, 0.5762107, 0.00821067762374883, 1.4455418351670477
10.28.3.jpeg, 0.6679999999999999, 0.611635, 0.05636497068405144, 8.437869862881954
10.30.2.jpeg, 0.756, 0.52010363, 0.23589636659622193, 31.20322309473835
7.2.1.jpeg, 0.8, 0.6166316, 0.18336837291717534, 22.92104661464692
19.21.3.jpeg, 0.396, 0.57986283, 0.18386283302307127, 46.430008339159414
14.19.2.jpeg, 0.762, 0.66436166, 0.09763834428787233, 12.813431008907127
10.24.2.jpeg, 0.568, 0.60427755, 0.03627755117416387, 6.386892812352794
19.6.1.jpeg, 0.584, 0.5799284, 0.004071601867675745, 0.6971921006294084
7.12.2.jpeg, 0.518, 0.51218307, 0.005816929817199723, 1.1229594241698306
4.8.1.jpeg, 0.542, 0.5475255, 0.005525525093078576, 1.019469574368741
6.15.1.jpeg, 0.49800000000000005, 0.507448, 0.009448017597198433, 1.8971922885940624
2.17.3.jpeg, 0.504, 0.5062128, 0.0022127709388732875, 0.43904185295104914
8.6.1.jpeg, 0.646, 0.6353791, 0.010620923995971698, 1.644105881729365
7.19.3.jpeg, 0.568, 0.581022, 0.013022024154663137, 2.292609886384355
6.14.2.jpeg, 0.6559999999999999, 0.55725, 0.09874997711181632, 15.053350169484197
10.11.1.jpeg, 0.6759999999999999, 0.61912656, 0.056873441696166926, 8.413231020143037
10.18.1.jpeg, 0.46799999999999997, 0.5119587, 0.04395871829986575, 9.39288852561234
8.11.1.jpeg, 0.49400000000000005, 0.7638369, 0.269836920261383, 54.622858352506675
3.15.3.jpeg, 0.492, 0.52390224, 0.03190223741531373, 6.48419459660848
10.18.2.jpeg, 0.46799999999999997, 0.5553828, 0.08738278818130496, 18.671535936176276
9.32.1.jpeg, 0.6759999999999999, 0.4501596, 0.2258403906822204, 33.40834181689651
11.26.3.jpeg, 0.614, 0.4248006, 0.1891993954181671, 30.814233781460445
14.24.2.jpeg, 0.33199999999999996, 0.50312537, 0.17112536954879765, 51.543786008674
20.13.2.jpeg, 0.6559999999999999, 0.5274492, 0.12855080938339225, 19.59615996698053
20.17.1.jpeg, 0.572, 0.54360926, 0.028390738487243605, 4.963415819448183
15.13.3.jpeg, 0.678, 0.6182606, 0.059739377975463914, 8.811117695496153
17.18.3.jpeg, 0.518, 0.55677515, 0.03877515268325804, 7.485550711053676
11.13.2.jpeg, 0.616, 0.58616, 0.02983999586105346, 4.844155172248938
2.6.2.jpeg, 0.488, 0.56233513, 0.07433513355255128, 15.232609334539196
10.33.1.jpeg, 0.45599999999999996, 0.54330665, 0.08730664873123173, 19.14619489719994
11.32.2.jpeg, 0.5820000000000001, 0.61626077, 0.034260766983032154, 5.886729722170473
4.6.3.jpeg, 0.622, 0.5957077, 0.026292285442352292, 4.227055537355675
2.12.1.jpeg, 0.564, 0.49186185, 0.07213814997673029, 12.790452123533742
2.21.2.jpeg, 0.792, 0.59926695, 0.19273305368423466, 24.334981525787203
20.13.3.jpeg, 0.6559999999999999, 0.5671379, 0.088862102985382, 13.546052284357014
13.23.3.jpeg, 0.462, 0.5218038, 0.0598037962913513, 12.944544651807641
11.9.3.jpeg, 0.6719999999999999, 0.6227221, 0.049277910709381034, 7.333022426991226
8.9.3.jpeg, 0.5, 0.60051227, 0.10051226615905762, 20.102453231811523
6.4.2.jpeg, 0.63, 0.64471364, 0.014713640213012691, 2.335498446509951
13.18.2.jpeg, 0.458, 0.5376752, 0.07967520189285276, 17.396332291015888
8.5.2.jpeg, 0.48200000000000004, 0.48586082, 0.003860824584960898, 0.8010009512367009
2.21.3.jpeg, 0.792, 0.57988745, 0.2121125502586365, 26.781887658918752
14.23.2.jpeg, 0.52, 0.5850493, 0.06504927158355711, 12.509475304530213
9.4.2.jpeg, 0.52, 0.494337, 0.025663007497787493, 4.935193749574518
12.27.3.jpeg, 0.40599999999999997, 0.57683414, 0.1708341422080994, 42.0773749281033
13.13.1.jpeg, 0.422, 0.5413866, 0.11938660430908205, 28.290664528218496
14.22.3.jpeg, 0.5700000000000001, 0.57464397, 0.0046439695358275745, 0.8147314975136094
10.16.3.jpeg, 0.65, 0.58911455, 0.06088545322418215, 9.366992803720331
10.16.1.jpeg, 0.65, 0.5885412, 0.061458790302276634, 9.455198508042558
13.6.3.jpeg, 0.46799999999999997, 0.66948617, 0.20148616504669192, 43.05259936895126
11.13.3.jpeg, 0.616, 0.5117212, 0.1042788062095642, 16.928377631422762
12.22.3.jpeg, 0.596, 0.5436742, 0.052325829029083226, 8.779501514946851
2.19.2.jpeg, 0.7, 0.582459, 0.11754102706909175, 16.791575295584536
3.3.2.jpeg, 0.692, 0.5530472, 0.1389528198242187, 20.079887257835075
11.29.1.jpeg, 0.496, 0.6109511, 0.11495112562179566, 23.17563016568461
2.29.3.jpeg, 0.836, 0.5534135, 0.28258648967742916, 33.80221168390301
14.23.3.jpeg, 0.52, 0.518403, 0.001597006320953387, 0.30711660018334364
9.5.1.jpeg, 0.74, 0.5327401, 0.20725988388061523, 28.008092416299355
2.3.3.jpeg, 0.77, 0.6483367, 0.1216632914543152, 15.800427461599376
2.33.1.jpeg, 0.774, 0.5849126, 0.18908740186691286, 24.429896882030086
4.19.3.jpeg, 0.438, 0.4674154, 0.029415392398834228, 6.7158430134324725
12.22.2.jpeg, 0.596, 0.58174586, 0.014254137039184545, 2.391633731406803
11.29.3.jpeg, 0.496, 0.60617065, 0.110170654296875, 22.211825463079638
3.4.3.jpeg, 0.75, 0.48163366, 0.26836633682250977, 35.7821782430013
20.17.3.jpeg, 0.572, 0.50019664, 0.07180336427688594, 12.553035712742297
3.8.1.jpeg, 0.5559999999999999, 0.60009426, 0.044094258785247864, 7.930622083677674
4.33.1.jpeg, 0.41, 0.49718422, 0.0871842169761658, 21.264443164918486
11.32.3.jpeg, 0.5820000000000001, 0.6023411, 0.020341115474700855, 3.495037023144476
21.15.3.jpeg, 0.532, 0.53707254, 0.00507253932952878, 0.9534848363775902
2.29.2.jpeg, 0.836, 0.5432601, 0.29273990249633786, 35.01673474836578
4.27.2.jpeg, 0.344, 0.6425581, 0.2985580978393555, 86.79014472074287
6.4.3.jpeg, 0.63, 0.5174428, 0.11255717754364014, 17.866218657720655
19.7.2.jpeg, 0.732, 0.5220405, 0.2099595136642456, 28.682993669978906
4.27.3.jpeg, 0.344, 0.6192532, 0.27525321817398074, 80.01547039941302
10.22.3.jpeg, 0.622, 0.53659004, 0.08540996026992798, 13.731504866547905
21.28.1.jpeg, 0.388, 0.5629154, 0.17491538476943969, 45.081284734391666
17.17.3.jpeg, 0.592, 0.55542773, 0.036572269916534395, 6.177748296711892
8.14.1.jpeg, 0.558, 0.50261354, 0.05538645553588872, 9.925888088868946
2.19.1.jpeg, 0.7, 0.5438265, 0.1561734795570373, 22.31049707957676
17.17.2.jpeg, 0.592, 0.5405161, 0.05148392152786252, 8.696608366192994
7.24.3.jpeg, 0.6639999999999999, 0.5502302, 0.11376979494094841, 17.134005262191028
15.13.1.jpeg, 0.678, 0.57996416, 0.0980358390808106, 14.459563286255248
21.15.2.jpeg, 0.532, 0.49178994, 0.040210062980651884, 7.558282515160128
17.16.2.jpeg, 0.434, 0.5485968, 0.11459679937362671, 26.404792482402467
9.28.2.jpeg, 0.6599999999999999, 0.6200821, 0.039917919635772625, 6.048169641783732
7.24.2.jpeg, 0.6639999999999999, 0.48581508, 0.1781849219799041, 26.835078611431346
4.40.1.jpeg, 0.316, 0.5160739, 0.20007388257980346, 63.31451980373527
4.33.3.jpeg, 0.41, 0.63325566, 0.22325566053390505, 54.45260013022075
4.40.2.jpeg, 0.316, 0.4354748, 0.11947481298446655, 37.80848512166663
13.13.2.jpeg, 0.422, 0.47664234, 0.05464234042167665, 12.948421900871242
13.20.2.jpeg, 0.6519999999999999, 0.64683086, 0.005169143199920567, 0.7928133742209459
13.18.3.jpeg, 0.458, 0.53004825, 0.07204825115203856, 15.731059203501868
9.37.1.jpeg, 0.388, 0.575343, 0.1873430128097534, 48.2842816519983
13.18.1.jpeg, 0.458, 0.5706083, 0.11260831785202025, 24.586968963323198
11.13.1.jpeg, 0.616, 0.52769285, 0.08830714559555053, 14.335575583693268
10.21.1.jpeg, 0.5700000000000001, 0.7166524, 0.1466523933410644, 25.728490059835856
4.15.3.jpeg, 0.49800000000000005, 0.5336589, 0.03565892171859736, 7.160426047911115
3.6.1.jpeg, 0.48, 0.5860388, 0.10603882789611818, 22.091422478357956
4.6.1.jpeg, 0.622, 0.5643848, 0.057615181922912595, 9.262890984391092
3.10.2.jpeg, 0.47000000000000003, 0.6422455, 0.17224547147750852, 36.647972654789044
13.6.2.jpeg, 0.46799999999999997, 0.52594405, 0.05794405412673953, 12.381208146739217
9.4.1.jpeg, 0.52, 0.52645075, 0.00645075321197508, 1.2405294638413615
2.6.1.jpeg, 0.488, 0.5448004, 0.056800400733947765, 11.639426379907329
10.7.2.jpeg, 0.61, 0.5803427, 0.029657289981842028, 4.861850816695414
9.3.2.jpeg, 0.658, 0.679178, 0.02117799949645993, 3.2185409569088037
7.21.1.jpeg, 0.63, 0.62677026, 0.003229742050170903, 0.5126574682810957
8.9.2.jpeg, 0.5, 0.55784047, 0.05784046649932861, 11.568093299865723
11.22.3.jpeg, 0.538, 0.6590431, 0.12104307365417477, 22.49871257512542
2.15.1.jpeg, 0.564, 0.6232113, 0.05921132421493536, 10.498461740236767
14.24.1.jpeg, 0.33199999999999996, 0.4052097, 0.07320969033241276, 22.05111154590746
20.13.1.jpeg, 0.6559999999999999, 0.553882, 0.10211799716949455, 15.56676786120344
7.15.3.jpeg, 0.62, 0.6781904, 0.05819041013717652, 9.385550022125246
13.32.1.jpeg, 0.564, 0.6315626, 0.06756259059906011, 11.979182730329809
11.29.2.jpeg, 0.496, 0.5483042, 0.05230420017242432, 10.545201647666195
13.23.2.jpeg, 0.462, 0.51623267, 0.054232669353485086, 11.738673020234867
12.22.1.jpeg, 0.596, 0.5049234, 0.09107659673690793, 15.281308177333546
15.10.1.jpeg, 0.5820000000000001, 0.6347666, 0.05276657867431633, 9.066422452631672
19.17.2.jpeg, 0.42800000000000005, 0.52628946, 0.09828946304321284, 22.964827813834773
17.4.1.jpeg, 0.454, 0.490056, 0.03605600810050963, 7.94185200451754
11.26.1.jpeg, 0.614, 0.484521, 0.12947899842262267, 21.0877847593848
3.8.3.jpeg, 0.5559999999999999, 0.5357291, 0.02027088975906366, 3.6458434818459824
8.9.1.jpeg, 0.5, 0.5950965, 0.09509652853012085, 19.01930570602417
3.2.2.jpeg, 0.414, 0.50773513, 0.09373513317108156, 22.641336514754002
6.6.1.jpeg, 0.5700000000000001, 0.5249752, 0.045024819374084535, 7.899091118260444
13.8.1.jpeg, 0.702, 0.616838, 0.08516202163696285, 12.131342113527472
12.32.2.jpeg, 0.37, 0.5881703, 0.21817028999328614, 58.96494324142869
19.17.3.jpeg, 0.42800000000000005, 0.5261184, 0.09811839771270747, 22.924859278669967
14.24.3.jpeg, 0.33199999999999996, 0.4343897, 0.1023897104263306, 30.84027422479838
15.13.2.jpeg, 0.678, 0.51692724, 0.1610727577209473, 23.757043911644143
14.10.3.jpeg, 0.616, 0.6515613, 0.035561319828033455, 5.772941530524911
14.10.1.jpeg, 0.616, 0.65384007, 0.037840065002441414, 6.142867695201528
17.16.1.jpeg, 0.434, 0.46755096, 0.03355096316337586, 7.730636673588907
11.30.3.jpeg, 0.52, 0.5776362, 0.057636182308197004, 11.083881213114807
13.32.2.jpeg, 0.564, 0.58147633, 0.017476330757141167, 3.0986402051668738
15.10.3.jpeg, 0.5820000000000001, 0.5901879, 0.008187907218933033, 1.406856910469593
14.22.1.jpeg, 0.5700000000000001, 0.55601, 0.013989992141723695, 2.454384586267315
2.3.2.jpeg, 0.77, 0.46038395, 0.30961604833602907, 40.209876407276504
9.3.1.jpeg, 0.658, 0.627118, 0.0308820085525513, 4.693314369688647
17.18.2.jpeg, 0.518, 0.55423117, 0.03623116683959959, 6.994433752818455
4.19.1.jpeg, 0.438, 0.4663128, 0.028312795877456665, 6.464108647821157
10.7.1.jpeg, 0.61, 0.6530775, 0.04307748317718507, 7.0618824880631275
14.21.2.jpeg, 0.588, 0.5259626, 0.06203740882873532, 10.550579732778116
7.17.2.jpeg, 0.626, 0.59207106, 0.033928943634033204, 5.419959046970161
6.6.3.jpeg, 0.5700000000000001, 0.5215694, 0.048430628776550355, 8.496601539745676
13.6.1.jpeg, 0.46799999999999997, 0.6349556, 0.1669555850028992, 35.674270299764785
6.4.1.jpeg, 0.63, 0.60545003, 0.024549965858459477, 3.89681997753325
20.4.1.jpeg, 0.748, 0.5641341, 0.1838658790588379, 24.580999874176186
6.3.3.jpeg, 0.686, 0.64277947, 0.043220530509948785, 6.30036887900128
2.33.3.jpeg, 0.774, 0.5766175, 0.1973825206756592, 25.501617658353904
7.24.1.jpeg, 0.6639999999999999, 0.564069, 0.09993102693557732, 15.049853454153212
21.9.3.jpeg, 0.49800000000000005, 0.564106, 0.06610598754882807, 13.274294688519692
3.4.1.jpeg, 0.75, 0.6072753, 0.14272469282150269, 19.029959042867027
8.10.3.jpeg, 0.418, 0.51390976, 0.0959097571372986, 22.944917975430286
17.18.1.jpeg, 0.518, 0.5279302, 0.009930200099945052, 1.9170270463214387
4.6.2.jpeg, 0.622, 0.5969215, 0.025078496456146238, 4.031912613528334
14.22.2.jpeg, 0.5700000000000001, 0.5183339, 0.05166608810424811, 9.064225983201421
3.4.2.jpeg, 0.75, 0.4810652, 0.26893478631973267, 35.857971509297684
12.10.1.jpeg, 0.458, 0.5380933, 0.08009332847595213, 17.487626304793043
17.4.3.jpeg, 0.454, 0.6267754, 0.17277538394927977, 38.056251971207
3.20.2.jpeg, 0.47400000000000003, 0.4873117, 0.013311691045761076, 2.8083736383462186
3.10.1.jpeg, 0.47000000000000003, 0.638116, 0.16811600208282468, 35.769362145281846
10.15.3.jpeg, 0.63, 0.5293715, 0.10062849998474122, 15.972777775355748
9.5.2.jpeg, 0.74, 0.5542901, 0.18570988416671752, 25.095930292799668
4.33.2.jpeg, 0.41, 0.66948926, 0.25948926448822024, 63.29006450932201
8.10.2.jpeg, 0.418, 0.52114767, 0.10314766836166384, 24.676475684608572
2.3.1.jpeg, 0.77, 0.635909, 0.1340909790992737, 17.414412870035545
3.3.3.jpeg, 0.692, 0.38025782, 0.3117421848773956, 45.04944868170457
6.3.2.jpeg, 0.686, 0.6379685, 0.04803151941299444, 7.0016792147222215
10.15.1.jpeg, 0.63, 0.59243745, 0.03756255388259888, 5.96231014009506
10.33.2.jpeg, 0.45599999999999996, 0.5655376, 0.1095375719070435, 24.021397348035855
19.7.3.jpeg, 0.732, 0.53181475, 0.20018524599075316, 27.347711200922564
6.6.2.jpeg, 0.5700000000000001, 0.5470864, 0.02291358232498175, 4.019926723681009
12.27.2.jpeg, 0.40599999999999997, 0.5966153, 0.1906153144836426, 46.94958484818784
12.32.1.jpeg, 0.37, 0.60236067, 0.23236066579818726, 62.800179945456016
3.2.3.jpeg, 0.414, 0.47567698, 0.06167698359489443, 14.897822124370636
8.5.1.jpeg, 0.48200000000000004, 0.59634477, 0.11434476900100704, 23.72298112054088
14.10.2.jpeg, 0.616, 0.6031202, 0.012879792213439933, 2.0908753593246643
4.36.1.jpeg, 0.5660000000000001, 0.50918084, 0.056819156169891416, 10.038720171358905
13.23.1.jpeg, 0.462, 0.45164117, 0.010358827829360984, 2.2421705258357107
4.36.3.jpeg, 0.5660000000000001, 0.42040062, 0.14559938049316412, 25.724272171937123
8.14.2.jpeg, 0.558, 0.47687215, 0.0811278538703919, 14.53904191225661
8.5.3.jpeg, 0.48200000000000004, 0.47934547, 0.0026545293331146635, 0.5507322267872745
12.27.1.jpeg, 0.40599999999999997, 0.5866871, 0.18068708801269534, 44.50420887012201
2.15.2.jpeg, 0.564, 0.6154751, 0.05147511816024786, 9.126794000043947
7.15.1.jpeg, 0.62, 0.57948595, 0.0405140471458435, 6.534523733200564
2.15.3.jpeg, 0.564, 0.6286435, 0.06464351272583013, 11.461615731530166
8.18.3.jpeg, 0.696, 0.49569988, 0.20030011749267573, 28.77875251331548
4.27.1.jpeg, 0.344, 0.56867707, 0.22467706775665286, 65.31310109205025
20.17.2.jpeg, 0.572, 0.5450432, 0.026956829547882033, 4.7127324384409155
2.29.1.jpeg, 0.836, 0.52973557, 0.3062644348144531, 36.634501772063764
12.10.2.jpeg, 0.458, 0.52091706, 0.06291705799102781, 13.737348906337951
11.30.1.jpeg, 0.52, 0.6120977, 0.09209768056869505, 17.71109241705674
10.22.2.jpeg, 0.622, 0.5126137, 0.10938628625869751, 17.58621965573915
17.17.1.jpeg, 0.592, 0.5521177, 0.03988229465484616, 6.736874097102392
2.18.1.jpeg, 0.5599999999999999, 0.53064775, 0.02935224533081049, 5.2414723805018735
20.4.2.jpeg, 0.748, 0.5710592, 0.1769407730102539, 23.655183557520576
19.1.2.jpeg, 0.732, 0.5010636, 0.2309364147186279, 31.54869053533168
19.1.3.jpeg, 0.732, 0.4797618, 0.2522381908893585, 34.45876924718013
12.32.3.jpeg, 0.37, 0.5648578, 0.19485778093338013, 52.66426511712976
21.9.2.jpeg, 0.49800000000000005, 0.56979334, 0.0717933435440063, 14.416334044981182
21.28.2.jpeg, 0.388, 0.5439056, 0.15590561580657958, 40.18185974396381
4.36.2.jpeg, 0.5660000000000001, 0.51489186, 0.05110813713073736, 9.029706206844056
10.33.3.jpeg, 0.45599999999999996, 0.46248174, 0.006481737136840859, 1.4214335826405395
2.18.2.jpeg, 0.5599999999999999, 0.557472, 0.002528009414672794, 0.4514302526201418
8.10.1.jpeg, 0.418, 0.5613582, 0.14335821342468263, 34.29622330734035
13.32.3.jpeg, 0.564, 0.5388921, 0.025107909679412788, 4.451757035356878
13.8.2.jpeg, 0.702, 0.5822241, 0.11977592897415157, 17.062098144466038
19.7.1.jpeg, 0.732, 0.5141807, 0.21781928014755247, 29.7567322605946
3.20.3.jpeg, 0.47400000000000003, 0.44579765, 0.02820234799385074, 5.949862445960071
3.8.2.jpeg, 0.5559999999999999, 0.59378684, 0.03778683567047125, 6.796193465912097
10.22.1.jpeg, 0.622, 0.5756983, 0.046301683902740476, 7.444000627450237
17.4.2.jpeg, 0.454, 0.567592, 0.1135920248031616, 25.02026978043207
7.21.3.jpeg, 0.63, 0.6210637, 0.008936290740966801, 1.4184588477725082
9.5.3.jpeg, 0.74, 0.5500631, 0.18993692636489867, 25.667152211472793
3.2.1.jpeg, 0.414, 0.52659106, 0.11259106254577639, 27.195908827482217
4.19.2.jpeg, 0.438, 0.49665365, 0.05865364623069763, 13.391243431666124
9.28.1.jpeg, 0.6599999999999999, 0.5843848, 0.07561520099639885, 11.456848635818009
3.10.3.jpeg, 0.47000000000000003, 0.6121138, 0.1421137738227844, 30.236973153783914
14.21.3.jpeg, 0.588, 0.5042901, 0.08370989608764645, 14.23637688565416
9.37.3.jpeg, 0.388, 0.578497, 0.1904969925880432, 49.097163038155465
20.4.3.jpeg, 0.748, 0.55677426, 0.19122574138641357, 25.564938688023204
21.15.1.jpeg, 0.532, 0.5093263, 0.022673720836639433, 4.261977600872074
9.3.3.jpeg, 0.658, 0.6614926, 0.0034925861358642285, 0.5307881665447155
15.10.2.jpeg, 0.5820000000000001, 0.6035243, 0.021524327278137134, 3.6983380202984764
3.3.1.jpeg, 0.692, 0.5231518, 0.1688481850624084, 24.400026743122602
13.20.3.jpeg, 0.6519999999999999, 0.6342461, 0.017753889083862218, 2.7229891232917516
3.6.3.jpeg, 0.48, 0.5155135, 0.03551347970962526, 7.39864160617193
10.16.2.jpeg, 0.65, 0.6106328, 0.03936722278594973, 6.0564958132230355
2.19.3.jpeg, 0.7, 0.51426977, 0.185730230808258, 26.53289011546543
2.6.3.jpeg, 0.488, 0.6259068, 0.1379068250656128, 28.259595300330492
17.16.3.jpeg, 0.434, 0.5270543, 0.0930543098449707, 21.441085217735186
2.33.2.jpeg, 0.774, 0.6129709, 0.16102911138534548, 20.804794752628613
8.14.3.jpeg, 0.558, 0.5128428, 0.045157225608825735, 8.092692761438302
10.7.3.jpeg, 0.61, 0.63813525, 0.02813525438308717, 4.612336784112651
7.15.2.jpeg, 0.62, 0.6278852, 0.007885222434997563, 1.2718100701608974
2.12.3.jpeg, 0.564, 0.4649165, 0.09908350253105158, 17.56799690266872
19.1.1.jpeg, 0.732, 0.52867305, 0.20332694721221922, 27.77690535686055
11.32.1.jpeg, 0.5820000000000001, 0.59067285, 0.00867285060882561, 1.4901805169803453
11.9.2.jpeg, 0.6719999999999999, 0.63112015, 0.0408798546791076, 6.083311708200536
2.12.2.jpeg, 0.564, 0.39036703, 0.17363296890258784, 30.78598739407586
11.26.2.jpeg, 0.614, 0.4800297, 0.13397029781341552, 21.81926674485595
6.3.1.jpeg, 0.686, 0.6152259, 0.07077408885955816, 10.316922574279614
11.22.1.jpeg, 0.538, 0.60301256, 0.06501256179809567, 12.084119293326332
14.21.1.jpeg, 0.588, 0.52117544, 0.06682455587387082, 11.364720386712724
8.18.2.jpeg, 0.696, 0.66066325, 0.03533675289154048, 5.077119668324782
13.20.1.jpeg, 0.6519999999999999, 0.6607648, 0.008764813423156825, 1.344296537293992
7.17.1.jpeg, 0.626, 0.6377992, 0.011799203395843505, 1.8848567724989624
3.6.2.jpeg, 0.48, 0.525397, 0.045397002696990985, 9.457708895206455
11.30.2.jpeg, 0.52, 0.56683254, 0.046832542419433576, 9.00625815758338
11.9.1.jpeg, 0.6719999999999999, 0.6129308, 0.05906922531127923, 8.790063290368934
4.15.1.jpeg, 0.49800000000000005, 0.45652276, 0.04147723722457891, 8.328762494895363
11.22.2.jpeg, 0.538, 0.6097386, 0.07173858833312985, 13.334310099094768
10.21.3.jpeg, 0.5700000000000001, 0.58701307, 0.01701306581497186, 2.9847483885915542
2.18.3.jpeg, 0.5599999999999999, 0.5971246, 0.03712457656860357, 6.629388672964924
21.9.1.jpeg, 0.49800000000000005, 0.5124366, 0.014436628341674751, 2.8989213537499494
21.28.3.jpeg, 0.388, 0.54720825, 0.1592082495689392, 41.0330540126132
4.40.3.jpeg, 0.316, 0.4205536, 0.10455359482765197, 33.08658064166202
9.4.3.jpeg, 0.52, 0.49137628, 0.028623719215393084, 5.504561387575593
2.21.1.jpeg, 0.792, 0.48099765, 0.3110023481845856, 39.2679732556295
9.37.2.jpeg, 0.388, 0.58439624, 0.19639624309539794, 50.61758842664895
13.13.3.jpeg, 0.422, 0.51386607, 0.09186606693267824, 21.769210173620436
10.21.2.jpeg, 0.5700000000000001, 0.5730566, 0.0030565786361693714, 0.5362418659946265
8.18.1.jpeg, 0.696, 0.52556396, 0.17043604469299312, 24.487937455889817
10.15.2.jpeg, 0.63, 0.57002306, 0.0599769401550293, 9.520149230957031
7.21.2.jpeg, 0.63, 0.63948625, 0.009486253261566158, 1.5057544859628822
13.8.3.jpeg, 0.702, 0.58948135, 0.11251864624023433, 16.02829718521857
7.17.3.jpeg, 0.626, 0.642498, 0.016498016357421874, 2.6354658717926314
19.17.1.jpeg, 0.42800000000000005, 0.5328947, 0.1048946709632873, 24.508100692356845
3.20.1.jpeg, 0.47400000000000003, 0.5221516, 0.04815158939361569, 10.15856316321006
14.23.1.jpeg, 0.52, 0.5359662, 0.015966217517852765, 3.0704264457409165
4.15.2.jpeg, 0.49800000000000005, 0.5931619, 0.09516188097000117, 19.10881143975927
9.28.3.jpeg, 0.6599999999999999, 0.6457452, 0.01425478219985954, 2.159815484827203
12.10.3.jpeg, 0.458, 0.5261332, 0.0681331796646118, 14.876240101443624
3.24.3.jpeg, 0.48200000000000004, 0.51359934, 0.03159933614730831, 6.555878868736163
4.24.1.jpeg, 0.384, 0.52389157, 0.13989156818389892, 36.43009588122367
4.20.3.jpeg, 0.40800000000000003, 0.5241963, 0.11619632673263547, 28.479491846234183
17.10.2.jpeg, 0.45599999999999996, 0.563223, 0.10722300434112553, 23.513816741474898
15.21.1.jpeg, 0.622, 0.5692111, 0.052788874626159665, 8.486957335395445
4.21.1.jpeg, 0.53, 0.53978044, 0.009780437946319553, 1.8453656502489721
3.29.2.jpeg, 0.54, 0.6141144, 0.07411440372467037, 13.72488957864266
11.6.2.jpeg, 0.558, 0.5639228, 0.005922822475433298, 1.0614377196117022
7.3.2.jpeg, 0.71, 0.5022127, 0.20778729677200314, 29.265816446761008
3.18.2.jpeg, 0.686, 0.49219963, 0.19380037045478826, 28.25078286512948
11.19.2.jpeg, 0.632, 0.5660353, 0.06596472930908204, 10.43745716915855
8.25.1.jpeg, 0.55, 0.5450644, 0.004935610294342085, 0.8973836898803791
17.14.3.jpeg, 0.6, 0.61505497, 0.015054965019226096, 2.5091608365376827
6.8.1.jpeg, 0.53, 0.56623584, 0.03623584032058713, 6.836951003884365
17.11.1.jpeg, 0.588, 0.5017867, 0.08621329116821286, 14.66212434833552
19.16.3.jpeg, 0.534, 0.5536652, 0.019665220737457245, 3.6826256062654017
21.30.3.jpeg, 0.202, 0.57524085, 0.3732408504486084, 184.77269824188534
12.28.2.jpeg, 0.5599999999999999, 0.5364499, 0.023550090789794864, 4.2053733553205115
9.13.1.jpeg, 0.632, 0.6071248, 0.024875194549560553, 3.935948504677303
11.2.1.jpeg, 0.62, 0.6285687, 0.008568708896636967, 1.3820498220382207
3.36.3.jpeg, 0.496, 0.4645351, 0.03146491265296936, 6.343732389711564
6.9.2.jpeg, 0.49000000000000005, 0.56527793, 0.07527793407440181, 15.36284368865343
15.21.2.jpeg, 0.622, 0.5169056, 0.10509439420700073, 16.896204856430984
13.5.3.jpeg, 0.67, 0.5849572, 0.08504281759262089, 12.692957849644909
14.9.3.jpeg, 0.716, 0.5850845, 0.13091550207138059, 18.284287998796174
8.25.3.jpeg, 0.55, 0.537194, 0.01280598640441899, 2.328361164439816
6.13.3.jpeg, 0.6, 0.5610571, 0.038942909240722634, 6.490484873453772
12.39.1.jpeg, 0.6639999999999999, 0.4885425, 0.1754575028419494, 26.424322717161054
7.8.2.jpeg, 0.61, 0.5214307, 0.08856932878494261, 14.519562095892233
11.8.2.jpeg, 0.77, 0.584063, 0.18593700647354128, 24.147663178381983
13.28.2.jpeg, 0.414, 0.5294057, 0.11540571308135988, 27.87577610660867
10.8.3.jpeg, 0.738, 0.55347705, 0.18452295112609862, 25.00310990868545
19.20.1.jpeg, 0.512, 0.5167643, 0.004764283180236806, 0.9305240586400011
4.20.2.jpeg, 0.40800000000000003, 0.5349796, 0.1269795818328857, 31.122446527668064
4.4.3.jpeg, 0.46399999999999997, 0.5668776, 0.10287760353088382, 22.17189731269048
14.20.1.jpeg, 0.5820000000000001, 0.4974573, 0.08454270434379585, 14.526237859758734
11.25.3.jpeg, 0.45599999999999996, 0.4793884, 0.023388386011123696, 5.129032019983267
2.31.3.jpeg, 0.724, 0.6140514, 0.10994859838485715, 15.186270495146017
17.2.2.jpeg, 0.484, 0.5176284, 0.03362837171554567, 6.948010685030097
9.7.3.jpeg, 0.792, 0.57690835, 0.2150916500091553, 27.15803661731759
4.24.3.jpeg, 0.384, 0.51824147, 0.13424146509170531, 34.95871486763159
15.12.3.jpeg, 0.48600000000000004, 0.6242645, 0.13826447868347164, 28.44948121059087
19.16.1.jpeg, 0.534, 0.5321174, 0.0018825736045837704, 0.35254187351756
15.12.1.jpeg, 0.48600000000000004, 0.5944924, 0.10849237585067745, 22.323534125653794
19.20.2.jpeg, 0.512, 0.5600862, 0.048086190700530995, 9.391834121197459
12.35.1.jpeg, 0.4, 0.5406621, 0.14066210985183714, 35.16552746295928
6.7.3.jpeg, 0.5820000000000001, 0.5068563, 0.07514367771148689, 12.911284830152384
11.8.1.jpeg, 0.77, 0.5625736, 0.2074263882637024, 26.938491982299013
2.34.1.jpeg, 0.502, 0.5358186, 0.03381857681274414, 6.736768289391263
9.13.2.jpeg, 0.632, 0.58484757, 0.0471524305343628, 7.460827616196646
11.2.2.jpeg, 0.62, 0.5505862, 0.06941377639770507, 11.195770386726625
6.13.1.jpeg, 0.6, 0.5362498, 0.06375018358230589, 10.625030597050982
11.25.2.jpeg, 0.45599999999999996, 0.5106771, 0.05467709922790531, 11.990591935944149
9.10.2.jpeg, 0.5820000000000001, 0.59884113, 0.016841130733489917, 2.8936650744828034
4.4.2.jpeg, 0.46399999999999997, 0.581934, 0.1179339752197266, 25.416805004251426
13.28.1.jpeg, 0.414, 0.52061427, 0.10661426639556887, 25.752238259799242
17.26.2.jpeg, 0.33399999999999996, 0.54008734, 0.2060873422622681, 61.70279708451142
10.8.2.jpeg, 0.738, 0.57469606, 0.16330393600463866, 22.127904607674616
19.13.3.jpeg, 0.546, 0.5467599, 0.0007599034309386798, 0.13917645255287175
12.6.3.jpeg, 0.49800000000000005, 0.5131569, 0.015156890869140571, 3.0435523833615603
17.1.2.jpeg, 0.634, 0.58804446, 0.045955535411834725, 7.248507162749957
6.7.1.jpeg, 0.5820000000000001, 0.48122615, 0.10077385377883918, 17.315095151003295
11.23.2.jpeg, 0.33999999999999997, 0.54493785, 0.20493784904479984, 60.275837954352895
13.28.3.jpeg, 0.414, 0.5499915, 0.1359914884567261, 32.84818561756669
8.7.1.jpeg, 0.446, 0.5323528, 0.08635280513763427, 19.361615501711718
7.3.3.jpeg, 0.71, 0.50842744, 0.20157255887985226, 28.39050125068342
2.27.2.jpeg, 0.792, 0.523862, 0.2681379957199097, 33.85580754039264
14.9.2.jpeg, 0.716, 0.6110456, 0.10495440101623532, 14.658435896122251
12.28.1.jpeg, 0.5599999999999999, 0.5280478, 0.03195219993591303, 5.705749988555898
15.12.2.jpeg, 0.48600000000000004, 0.6001722, 0.11417222166061397, 23.492226679138675
3.30.3.jpeg, 0.506, 0.55326396, 0.04726396226882934, 9.340704005697498
15.8.2.jpeg, 0.558, 0.5520107, 0.005989284992218069, 1.0733485649136323
17.19.2.jpeg, 0.396, 0.57164, 0.17564001464843748, 44.353539052635725
2.31.2.jpeg, 0.724, 0.57974815, 0.14425184631347654, 19.92428816484483
20.7.1.jpeg, 0.516, 0.5342266, 0.018226596355438218, 3.532286115395004
7.8.3.jpeg, 0.61, 0.5839189, 0.026081070899963366, 4.275585393436617
3.18.3.jpeg, 0.686, 0.47934452, 0.20665548300743108, 30.124705977759632
11.6.3.jpeg, 0.558, 0.54972917, 0.008270831584930471, 1.482227882604027
21.21.1.jpeg, 0.4, 0.55340034, 0.15340033769607542, 38.35008442401885
21.7.3.jpeg, 0.5900000000000001, 0.5456144, 0.044385578632354816, 7.52297942921268
7.9.1.jpeg, 0.626, 0.536959, 0.08904100751876831, 14.223803118014109
21.21.3.jpeg, 0.4, 0.5662014, 0.16620138883590696, 41.55034720897674
15.31.2.jpeg, 0.49000000000000005, 0.49027687, 0.0002768731117248069, 0.05650471667853201
3.29.3.jpeg, 0.54, 0.5788922, 0.03889217138290402, 7.202253959797039
21.5.1.jpeg, 0.608, 0.5457498, 0.06225021648406981, 10.238522448037799
17.11.2.jpeg, 0.588, 0.55133915, 0.03666085052490231, 6.2348385246432505
19.20.3.jpeg, 0.512, 0.50693965, 0.005060350418090831, 0.9883496910333655
3.30.2.jpeg, 0.506, 0.5639132, 0.057913226127624506, 11.445301606249902
11.12.1.jpeg, 0.532, 0.5474985, 0.015498524188995333, 2.913256426502882
12.39.3.jpeg, 0.6639999999999999, 0.5548257, 0.10917427682876579, 16.441909160958705
11.19.1.jpeg, 0.632, 0.5815999, 0.05040010881423951, 7.974700761746758
14.3.1.jpeg, 0.6679999999999999, 0.56403697, 0.1039630346298217, 15.56332853739846
6.8.2.jpeg, 0.53, 0.5242698, 0.005730180740356472, 1.0811661774257493
2.1.2.jpeg, 0.584, 0.5344684, 0.04953158760070797, 8.481436232997941
17.19.1.jpeg, 0.396, 0.5031389, 0.1071388998031616, 27.055277728071108
15.25.1.jpeg, 0.534, 0.49799004, 0.036009958028793365, 6.743437833107372
4.2.3.jpeg, 0.73, 0.52143216, 0.20856783866882322, 28.57093680394839
14.3.3.jpeg, 0.6679999999999999, 0.56044805, 0.10755194950103752, 16.10059124267029
13.16.1.jpeg, 0.592, 0.62392867, 0.03192866611480716, 5.393355762636345
17.14.2.jpeg, 0.6, 0.580726, 0.01927397251129148, 3.212328751881914
17.10.1.jpeg, 0.45599999999999996, 0.48171487, 0.025714874505996743, 5.639226865350164
14.4.3.jpeg, 0.64, 0.5740253, 0.06597472667694093, 10.30855104327202
15.27.3.jpeg, 0.368, 0.5824854, 0.2144853777885437, 58.28407005123471
11.10.3.jpeg, 0.6519999999999999, 0.54842097, 0.1035790343284606, 15.886354958352856
12.6.1.jpeg, 0.49800000000000005, 0.49478784, 0.0032121579647064746, 0.645011639499292
4.5.2.jpeg, 0.562, 0.6308659, 0.06886587190628046, 12.253713862327483
12.28.3.jpeg, 0.5599999999999999, 0.51302487, 0.04697513341903681, 8.38841668197086
11.17.2.jpeg, 0.604, 0.66717553, 0.06317553138732912, 10.459525064127337
13.35.3.jpeg, 0.5660000000000001, 0.6013367, 0.03533671760559076, 6.243236326076105
12.6.2.jpeg, 0.49800000000000005, 0.5214187, 0.023418690681457466, 4.702548329609932
21.30.2.jpeg, 0.202, 0.5820809, 0.3800809006690979, 188.15886171737517
20.7.3.jpeg, 0.516, 0.5633662, 0.04736617469787596, 9.179491220518598
12.39.2.jpeg, 0.6639999999999999, 0.5175458, 0.14645418071746819, 22.056352517690993
17.21.1.jpeg, 0.434, 0.5231473, 0.08914728498458863, 20.540849074790007
17.26.1.jpeg, 0.33399999999999996, 0.6187617, 0.2847617182731629, 85.25799948298291
11.10.2.jpeg, 0.6519999999999999, 0.56416214, 0.08783786487579337, 13.472065164998984
2.27.3.jpeg, 0.792, 0.57304174, 0.21895826292037968, 27.646245318229756
11.17.3.jpeg, 0.604, 0.6767901, 0.07279011821746828, 12.051344075739783
6.17.3.jpeg, 0.522, 0.61409163, 0.09209163475036619, 17.642075622675517
8.7.2.jpeg, 0.446, 0.546925, 0.10092500829696655, 22.62892562712254
6.8.3.jpeg, 0.53, 0.5212564, 0.008743612766265896, 1.649738257786018
12.35.2.jpeg, 0.4, 0.55758935, 0.15758935213088987, 39.397338032722466
2.34.3.jpeg, 0.502, 0.5264148, 0.024414811611175535, 4.8635082890787915
4.35.3.jpeg, 0.426, 0.5093693, 0.08336931371688844, 19.570261435889304
14.20.2.jpeg, 0.5820000000000001, 0.5293061, 0.05269388628005989, 9.053932350525752
21.3.3.jpeg, 0.532, 0.52281094, 0.009189064025878935, 1.7272676740373936
17.26.3.jpeg, 0.33399999999999996, 0.6004477, 0.2664477143287659, 79.7747647690916
11.19.3.jpeg, 0.632, 0.5497212, 0.08227881860733033, 13.018800412552267
6.13.2.jpeg, 0.6, 0.53957444, 0.06042555570602415, 10.070925951004025
14.3.2.jpeg, 0.6679999999999999, 0.54901916, 0.1189808421134948, 17.811503310403413
4.2.1.jpeg, 0.73, 0.5221576, 0.20784239053726195, 28.47156034757013
21.7.2.jpeg, 0.5900000000000001, 0.53995395, 0.05004605293273934, 8.482381853006666
11.17.1.jpeg, 0.604, 0.652899, 0.04889902687072756, 8.095865375948271
15.8.1.jpeg, 0.558, 0.57843536, 0.020435361385345407, 3.6622511443271333
8.25.2.jpeg, 0.55, 0.6058432, 0.05584318637847896, 10.153306614268901
14.5.1.jpeg, 0.6, 0.593337, 0.0066630005836486594, 1.1105000972747767
13.16.3.jpeg, 0.592, 0.6403576, 0.04835761356353763, 8.168515804651626
21.3.2.jpeg, 0.532, 0.5105264, 0.021473581314086942, 4.036387465053936
13.5.1.jpeg, 0.67, 0.5548029, 0.11519710540771488, 17.193597822046996
4.35.1.jpeg, 0.426, 0.5376494, 0.11164939308166505, 26.208777718700716
6.12.1.jpeg, 0.538, 0.5930508, 0.05505077791213986, 10.23248660076949
3.24.2.jpeg, 0.48200000000000004, 0.5743515, 0.09235148954391476, 19.160060071351605
6.7.2.jpeg, 0.5820000000000001, 0.491074, 0.09092600417137153, 15.62302477171332
13.5.2.jpeg, 0.67, 0.57438624, 0.09561376094818119, 14.270710589280775
19.13.1.jpeg, 0.546, 0.5473919, 0.0013918914794921466, 0.25492517939416603
21.5.2.jpeg, 0.608, 0.53506464, 0.07293536233901976, 11.99594775312825
15.31.3.jpeg, 0.49000000000000005, 0.55618644, 0.06618643760681148, 13.507436246288055
20.7.2.jpeg, 0.516, 0.5670922, 0.05109218025207518, 9.901585320169609
17.1.1.jpeg, 0.634, 0.5620555, 0.0719444718360901, 11.34770849149686
20.20.1.jpeg, 0.42000000000000004, 0.49597594, 0.0759759414196014, 18.089509861809855
9.13.3.jpeg, 0.632, 0.56772614, 0.06427386474609376, 10.169915307926228
15.17.1.jpeg, 0.536, 0.50523293, 0.030767069816589387, 5.740124965781602
7.8.1.jpeg, 0.61, 0.5507894, 0.05921058416366576, 9.706653141584551
17.1.3.jpeg, 0.634, 0.5463406, 0.08765941524505616, 13.82640619007195
2.34.2.jpeg, 0.502, 0.5056063, 0.0036062936782836896, 0.718385194877229
3.22.2.jpeg, 0.624, 0.6102736, 0.01372640037536621, 2.1997436498984313
14.4.1.jpeg, 0.64, 0.57255274, 0.06744725942611696, 10.538634285330774
4.2.2.jpeg, 0.73, 0.5613586, 0.1686414289474487, 23.10156560923955
17.23.1.jpeg, 0.194, 0.5663784, 0.3723784146308899, 191.9476364076752
14.7.1.jpeg, 0.602, 0.52647203, 0.07552796792984007, 12.546174074724265
11.2.3.jpeg, 0.62, 0.6046427, 0.015357310771942134, 2.4769856083777637
14.5.3.jpeg, 0.6, 0.54618734, 0.05381265878677366, 8.968776464462277
17.14.1.jpeg, 0.6, 0.6248595, 0.024859511852264427, 4.143251975377405
17.23.2.jpeg, 0.194, 0.5832593, 0.38925928449630737, 200.64911571974605
4.4.1.jpeg, 0.46399999999999997, 0.5856136, 0.12161360836029056, 26.209829387993654
21.30.1.jpeg, 0.202, 0.5390643, 0.33706428813934325, 166.86350897987288
17.11.3.jpeg, 0.588, 0.51898277, 0.06901723194122311, 11.73762447979985
3.36.1.jpeg, 0.496, 0.55119085, 0.05519085311889649, 11.127188128809776
3.30.1.jpeg, 0.506, 0.54705447, 0.041054469585418696, 8.113531538620295
8.7.3.jpeg, 0.446, 0.5629122, 0.1169122257232666, 26.2135035253961
15.17.3.jpeg, 0.536, 0.5134025, 0.022597478389740022, 4.215947460772393
17.21.2.jpeg, 0.434, 0.56868255, 0.13468255138397217, 31.032845941007416
2.26.2.jpeg, 0.744, 0.49263373, 0.25136626982688903, 33.78578895522702
14.20.3.jpeg, 0.5820000000000001, 0.55863667, 0.02336333465576179, 4.014318669374878
2.26.1.jpeg, 0.744, 0.5350902, 0.20890979194641113, 28.079273111076763
15.17.2.jpeg, 0.536, 0.54086, 0.004859997272491423, 0.9067159090469074
11.8.3.jpeg, 0.77, 0.592434, 0.17756601095199587, 23.060520902856606
4.5.3.jpeg, 0.562, 0.62933344, 0.06733343648910517, 11.98103852119309
11.6.1.jpeg, 0.558, 0.55502135, 0.0029786543846130886, 0.5338090295005535
9.7.2.jpeg, 0.792, 0.56289154, 0.2291084570884705, 28.927835490968494
9.10.1.jpeg, 0.5820000000000001, 0.5685378, 0.013462228298187329, 2.3130976457366543
14.16.2.jpeg, 0.52, 0.4903895, 0.029610503911972064, 5.694327675379243
4.24.2.jpeg, 0.384, 0.52219456, 0.13819456434249877, 35.98816779752572
12.35.3.jpeg, 0.4, 0.49307674, 0.09307674169540403, 23.269185423851006
17.2.1.jpeg, 0.484, 0.5179429, 0.033942905426025405, 7.012996988848225
21.3.1.jpeg, 0.532, 0.5279914, 0.004008585929870634, 0.7534935958403446
17.2.3.jpeg, 0.484, 0.51907766, 0.03507765865325929, 7.247450134970928
4.5.1.jpeg, 0.562, 0.6458649, 0.08386490392684931, 14.92258076990201
14.7.3.jpeg, 0.602, 0.5302806, 0.07171940994262693, 11.913523246283544
6.17.2.jpeg, 0.522, 0.6402077, 0.11820770788192747, 22.645154766652773
14.7.2.jpeg, 0.602, 0.54468465, 0.057315351486206034, 9.52082250601429
11.12.3.jpeg, 0.532, 0.5591516, 0.027151589870452852, 5.1036823064761
6.12.3.jpeg, 0.538, 0.61437494, 0.07637493562698361, 14.19608468903041
2.1.1.jpeg, 0.584, 0.57184917, 0.012150832653045618, 2.080622029631099
19.13.2.jpeg, 0.546, 0.5818509, 0.03585088634490963, 6.566096400166598
3.22.1.jpeg, 0.624, 0.5529945, 0.0710055103302002, 11.379088193942339
2.26.3.jpeg, 0.744, 0.5133018, 0.2306982102394104, 31.007823956910002
3.29.1.jpeg, 0.54, 0.61272746, 0.07272746324539181, 13.46804874914663
15.21.3.jpeg, 0.622, 0.56947535, 0.05252464723587036, 8.444477047567583
21.17.2.jpeg, 0.47400000000000003, 0.54713374, 0.07313374376296994, 15.42905986560547
14.9.1.jpeg, 0.716, 0.6039295, 0.11207048034667966, 15.652301724396601
15.27.1.jpeg, 0.368, 0.5938264, 0.22582641315460206, 61.36587313983751
14.5.2.jpeg, 0.6, 0.5561401, 0.04385987520217893, 7.3099792003631565
14.16.3.jpeg, 0.52, 0.5189621, 0.0010379147529602228, 0.199598990953889
7.9.2.jpeg, 0.626, 0.54785967, 0.07814033126831055, 12.482481033276445
13.35.2.jpeg, 0.5660000000000001, 0.63237643, 0.06637643241882318, 11.727284879650737
11.23.1.jpeg, 0.33999999999999997, 0.51838696, 0.17838696002960208, 52.46675294988297
21.21.2.jpeg, 0.4, 0.55893993, 0.15893993377685545, 39.73498344421386
21.7.1.jpeg, 0.5900000000000001, 0.5205255, 0.06947448492050179, 11.775336427203692
11.12.2.jpeg, 0.532, 0.5195314, 0.012468571186065702, 2.3437163883582146
19.16.2.jpeg, 0.534, 0.5590915, 0.025091508388519257, 4.698784342419336
6.17.1.jpeg, 0.522, 0.67956096, 0.15756095933914183, 30.184091827421806
17.23.3.jpeg, 0.194, 0.60397947, 0.4099794683456421, 211.32962285857838
2.1.3.jpeg, 0.584, 0.58635753, 0.002357533931732214, 0.403687317077434
21.17.1.jpeg, 0.47400000000000003, 0.5599172, 0.08591721153259274, 18.125993994217875
15.25.3.jpeg, 0.534, 0.5537771, 0.019777098655700653, 3.7035765272847665
17.19.3.jpeg, 0.396, 0.5458153, 0.1498152890205383, 37.832143692055126
3.24.1.jpeg, 0.48200000000000004, 0.5297095, 0.04770951795577999, 9.898240239788379
7.3.1.jpeg, 0.71, 0.559755, 0.15024497270584103, 21.161263761386063
21.5.3.jpeg, 0.608, 0.5653519, 0.04264809656143187, 7.014489566024978
4.21.2.jpeg, 0.53, 0.5487223, 0.018722326755523655, 3.5325144821742747
11.25.1.jpeg, 0.45599999999999996, 0.5089268, 0.05292680883407597, 11.606756323262275
9.10.3.jpeg, 0.5820000000000001, 0.5441435, 0.0378565020561219, 6.50455361789036
10.8.1.jpeg, 0.738, 0.51867473, 0.21932526874542235, 29.718871103715767
13.16.2.jpeg, 0.592, 0.650042, 0.05804199743270877, 9.804391458227833
4.20.1.jpeg, 0.40800000000000003, 0.5422352, 0.13423519563674924, 32.90078324430128
3.36.2.jpeg, 0.496, 0.580947, 0.08494698190689087, 17.12640764251832
15.8.3.jpeg, 0.558, 0.5657874, 0.007787374973297068, 1.395586912777252
6.9.3.jpeg, 0.49000000000000005, 0.5119127, 0.021912703514099074, 4.471980308999811
2.27.1.jpeg, 0.792, 0.5432908, 0.2487092061042786, 31.402677538419017
11.23.3.jpeg, 0.33999999999999997, 0.5796956, 0.23969558238983157, 70.49870070289165
14.16.1.jpeg, 0.52, 0.5001999, 0.019800086021423358, 3.8077088502737224
11.10.1.jpeg, 0.6519999999999999, 0.5574842, 0.09451579046249381, 14.496286880750587
13.35.1.jpeg, 0.5660000000000001, 0.6287617, 0.06276170873641962, 11.088641119508766
15.27.2.jpeg, 0.368, 0.58420515, 0.21620515060424805, 58.75139962071958
9.7.1.jpeg, 0.792, 0.5434712, 0.2485287828445435, 31.379896823805996
4.21.3.jpeg, 0.53, 0.5295685, 0.00043150663375857157, 0.08141634599218331
17.21.3.jpeg, 0.434, 0.57237107, 0.13837106561660767, 31.88273401304324
4.35.2.jpeg, 0.426, 0.5581392, 0.13213920497894288, 31.01859271806171
20.20.2.jpeg, 0.42000000000000004, 0.5565315, 0.13653148889541622, 32.50749735605148
21.17.3.jpeg, 0.47400000000000003, 0.55143684, 0.07743684148788449, 16.33688638984905
3.18.1.jpeg, 0.686, 0.49486774, 0.19113225793838506, 27.861845180522604
20.20.3.jpeg, 0.42000000000000004, 0.56523097, 0.1452309656143188, 34.57880133674257
2.31.1.jpeg, 0.724, 0.5974262, 0.12657382392883298, 17.48257236586091
7.9.3.jpeg, 0.626, 0.549462, 0.07653797960281372, 12.226514313548517
3.22.3.jpeg, 0.624, 0.4682148, 0.15578519010543823, 24.965575337409973
15.25.2.jpeg, 0.534, 0.54917985, 0.01517985200881955, 2.842668915509279
6.9.1.jpeg, 0.49000000000000005, 0.5601113, 0.0701112842559814, 14.30842535836355
17.10.3.jpeg, 0.45599999999999996, 0.5209406, 0.06494060182571415, 14.24136004949872
14.4.2.jpeg, 0.64, 0.6564821, 0.016482100486755358, 2.5753282010555245
6.12.2.jpeg, 0.538, 0.62478787, 0.08678786706924435, 16.131573804692255
15.31.1.jpeg, 0.49000000000000005, 0.52954036, 0.039540359973907424, 8.06946121916478
13.12.1.jpeg, 0.62, 0.6871057, 0.0671057152748108, 10.82350246367916
19.8.3.jpeg, 0.5599999999999999, 0.52748805, 0.03251194715499872, 5.805704849106915
15.14.2.jpeg, 0.612, 0.67891324, 0.06691323566436769, 10.933535239275766
8.22.1.jpeg, 0.512, 0.5516163, 0.03961631107330321, 7.737560756504533
7.16.3.jpeg, 0.388, 0.562095, 0.1740949864387512, 44.86984186565753
14.1.1.jpeg, 0.624, 0.66443974, 0.04043973779678345, 6.480727211022988
15.4.1.jpeg, 0.64, 0.59775144, 0.042248561382293714, 6.601337715983393
12.26.1.jpeg, 0.43600000000000005, 0.50957286, 0.07357286357879633, 16.874509995136773
19.12.3.jpeg, 0.354, 0.46242678, 0.10842678165435793, 30.629034365637835
12.4.3.jpeg, 0.626, 0.6649553, 0.038955317974090575, 6.222894245062392
4.11.3.jpeg, 0.696, 0.4909704, 0.20502959704399104, 29.458275437355034
20.1.3.jpeg, 0.6, 0.56084245, 0.039157545566558816, 6.52625759442647
7.16.2.jpeg, 0.388, 0.461528, 0.07352800321578978, 18.950516292729326
13.12.3.jpeg, 0.62, 0.645611, 0.025610988140106206, 4.1308045387268075
4.7.2.jpeg, 0.62, 0.480897, 0.13910299062728881, 22.435966230207875
8.22.2.jpeg, 0.512, 0.558672, 0.04667201089859008, 9.115627128630873
8.8.3.jpeg, 0.606, 0.6211831, 0.015183097362518327, 2.5054616109766217
17.25.3.jpeg, 0.5700000000000001, 0.52554315, 0.04445684671401984, 7.7994467919333035
17.24.3.jpeg, 0.442, 0.54603213, 0.1040321307182312, 23.53668115797086
2.4.1.jpeg, 0.778, 0.7205228, 0.05747717905044558, 7.387812217280923
15.5.3.jpeg, 0.564, 0.5109783, 0.053021718502044624, 9.40101391880224
20.6.1.jpeg, 0.554, 0.5519971, 0.0020028748512268546, 0.36152975653914343
4.30.2.jpeg, 0.42000000000000004, 0.45973402, 0.03973402261734005, 9.460481575557154
20.1.2.jpeg, 0.6, 0.5612994, 0.03870061635971067, 6.450102726618445
2.30.3.jpeg, 0.548, 0.62087446, 0.0728744645118713, 13.298259947421768
11.15.3.jpeg, 0.564, 0.5528326, 0.011167396545410102, 1.9800348484769685
20.2.2.jpeg, 0.638, 0.5626628, 0.07533721971511842, 11.808341648137684
15.11.3.jpeg, 0.5740000000000001, 0.523985, 0.05001497173309333, 8.713409709598139
4.37.1.jpeg, 0.6759999999999999, 0.4693519, 0.20664811229705804, 30.569247381221608
4.37.2.jpeg, 0.6759999999999999, 0.5634826, 0.11251741743087762, 16.64458837734876
2.32.1.jpeg, 0.5860000000000001, 0.5259903, 0.06000969266891487, 10.240561888893321
15.15.3.jpeg, 0.45599999999999996, 0.55258495, 0.09658494615554813, 21.18090924463775
2.30.1.jpeg, 0.548, 0.7057454, 0.15774539899826046, 28.785656751507382
15.14.1.jpeg, 0.612, 0.6093239, 0.0026760811805724982, 0.4372681667602121
20.16.1.jpeg, 0.564, 0.43906832, 0.12493168258666987, 22.15100755082799
8.1.2.jpeg, 0.726, 0.6049969, 0.12100308036804197, 16.667090959785398
12.24.2.jpeg, 0.45599999999999996, 0.6054448, 0.14944478893280033, 32.772980029122884
11.18.1.jpeg, 0.61, 0.6551366, 0.045136585235595716, 7.399440202556675
4.37.3.jpeg, 0.6759999999999999, 0.51149434, 0.16450566148757928, 24.335157024789837
13.14.2.jpeg, 0.442, 0.5986626, 0.1566626148223877, 35.44403050280264
15.30.1.jpeg, 0.564, 0.5716998, 0.007699798107147271, 1.365212430345261
2.2.1.jpeg, 0.6980000000000001, 0.62850165, 0.06949834632873542, 9.956783141652638
2.2.3.jpeg, 0.6980000000000001, 0.5829338, 0.1150662164688111, 16.485131299256604
8.22.3.jpeg, 0.512, 0.55159104, 0.039591038703918446, 7.732624746859071
4.11.1.jpeg, 0.696, 0.592862, 0.10313798999786372, 14.818676723830995
11.18.3.jpeg, 0.61, 0.585514, 0.024485991001129137, 4.014096885431006
3.5.1.jpeg, 0.608, 0.5173844, 0.09061559009552, 14.903879949921054
10.23.1.jpeg, 0.836, 0.5483391, 0.28766087150573727, 34.40919515618867
10.17.3.jpeg, 0.644, 0.5651936, 0.07880640649795534, 12.237019642539648
9.15.1.jpeg, 0.536, 0.47188684, 0.06411315655708316, 11.961409805425962
15.11.2.jpeg, 0.5740000000000001, 0.57368886, 0.0003111352920532884, 0.05420475471311644
6.1.3.jpeg, 0.6519999999999999, 0.72696656, 0.07496655988693246, 11.497938632965104
3.27.3.jpeg, 0.41, 0.48259437, 0.07259437084198, 17.705944107800004
4.25.3.jpeg, 0.514, 0.6067371, 0.09273707723617552, 18.042232925325976
12.33.1.jpeg, 0.426, 0.56339854, 0.13739854001998902, 32.25317840844813
9.11.1.jpeg, 0.512, 0.704981, 0.19298102903366088, 37.691607233136885
8.8.2.jpeg, 0.606, 0.60601735, 1.7351150512712188e-05, 0.0028632261572132324
10.23.3.jpeg, 0.836, 0.54295397, 0.29304603195190426, 35.05335310429477
21.14.2.jpeg, 0.484, 0.5506272, 0.06662717199325563, 13.765944626705709
13.29.2.jpeg, 0.554, 0.509924, 0.044076005458831835, 7.955957664049067
6.16.3.jpeg, 0.55, 0.5597133, 0.009713304042816118, 1.7660552805120213
3.12.3.jpeg, 0.42400000000000004, 0.38466987, 0.03933012986183171, 9.27597402401691
4.23.1.jpeg, 0.484, 0.5332892, 0.04928919410705568, 10.183717790713983
19.14.1.jpeg, 0.502, 0.6745964, 0.17259642887115478, 34.38175873927386
21.10.2.jpeg, 0.536, 0.44307995, 0.09292005157470706, 17.335830517669226
9.11.2.jpeg, 0.512, 0.57529384, 0.06329383897781371, 12.362077925354239
2.13.2.jpeg, 0.52, 0.471968, 0.04803200483322145, 9.23692400638874
3.12.2.jpeg, 0.42400000000000004, 0.46821597, 0.044215972185134844, 10.428295326682745
8.1.1.jpeg, 0.726, 0.64036083, 0.08563916778564451, 11.796028620612192
15.4.2.jpeg, 0.64, 0.5615874, 0.07841260671615602, 12.251969799399378
3.16.1.jpeg, 0.472, 0.50185275, 0.029852750778198267, 6.32473533436404
8.2.3.jpeg, 0.502, 0.5334966, 0.03149661827087402, 6.274226747186059
2.4.2.jpeg, 0.778, 0.5934305, 0.18456948089599612, 23.723583662724437
9.8.3.jpeg, 0.792, 0.64589167, 0.14610833358764652, 18.448021917632136
12.24.1.jpeg, 0.45599999999999996, 0.59821784, 0.14221784496307377, 31.188123895410918
2.32.3.jpeg, 0.5860000000000001, 0.4705534, 0.11544660186767586, 19.700785301651166
15.14.3.jpeg, 0.612, 0.7204581, 0.10845809030532838, 17.721910180609214
7.22.2.jpeg, 0.62, 0.51573503, 0.10426496982574462, 16.816930617055583
20.1.1.jpeg, 0.6, 0.5691521, 0.030847883224487282, 5.141313870747881
14.6.2.jpeg, 0.5980000000000001, 0.66036886, 0.06236885976791373, 10.429575212025705
6.16.2.jpeg, 0.55, 0.5971338, 0.04713381528854366, 8.569784597917028
15.24.3.jpeg, 0.548, 0.5800009, 0.03200087738037105, 5.8395761643012865
12.26.3.jpeg, 0.43600000000000005, 0.51669544, 0.08069543981552119, 18.508128398055316
13.17.2.jpeg, 0.634, 0.51779175, 0.11620825195312501, 18.329377279672716
3.25.3.jpeg, 0.54, 0.5861744, 0.04617442846298214, 8.550820085737433
13.4.3.jpeg, 0.542, 0.6784316, 0.1364315705299377, 25.17187648153832
12.26.2.jpeg, 0.43600000000000005, 0.5299576, 0.09395759248733515, 21.549906533792463
4.32.3.jpeg, 0.316, 0.5340961, 0.2180961217880249, 69.01776005950155
3.25.2.jpeg, 0.54, 0.56274647, 0.022746465206146205, 4.212308371508556
4.23.3.jpeg, 0.484, 0.5245055, 0.04050549602508546, 8.368904137414352
13.4.2.jpeg, 0.542, 0.73542017, 0.19342016744613644, 35.686377757589746
15.30.3.jpeg, 0.564, 0.55314386, 0.010856141090393012, 1.9248477110625912
4.23.2.jpeg, 0.484, 0.5973486, 0.11334857082366945, 23.41912620323749
15.16.2.jpeg, 0.612, 0.36197326, 0.25002674412727355, 40.85404315805123
13.14.1.jpeg, 0.442, 0.62769157, 0.1856915669441223, 42.01166672943943
19.8.1.jpeg, 0.5599999999999999, 0.54607, 0.013930020332336368, 2.4875036307743517
19.8.2.jpeg, 0.5599999999999999, 0.56085604, 0.0008560442924500089, 0.1528650522232159
20.6.3.jpeg, 0.554, 0.542927, 0.011072973251342821, 1.9987316338163936
17.24.2.jpeg, 0.442, 0.5368852, 0.09488520193099975, 21.4672402558823
9.35.2.jpeg, 0.52, 0.36815137, 0.15184863328933718, 29.201660247949455
11.33.3.jpeg, 0.52, 0.56274295, 0.042742948532104474, 8.219797794635475
4.16.2.jpeg, 0.5780000000000001, 0.6149628, 0.03696281623840325, 6.39495090629814
2.13.3.jpeg, 0.52, 0.57231075, 0.05231074571609495, 10.059758791556721
4.1.2.jpeg, 0.72, 0.47192222, 0.2480777812004089, 34.45524738894568
14.14.3.jpeg, 0.5740000000000001, 0.51117265, 0.0628273477554322, 10.945530967845329
9.27.1.jpeg, 0.678, 0.45293126, 0.22506874489784245, 33.19598007342809
12.33.3.jpeg, 0.426, 0.58325446, 0.15725445652008058, 36.91419167138042
20.9.1.jpeg, 0.604, 0.53586566, 0.06813433551788328, 11.280519125477365
3.27.1.jpeg, 0.41, 0.42719412, 0.017194118499755884, 4.19368743896485
15.30.2.jpeg, 0.564, 0.495609, 0.0683910145759582, 12.126066414176986
9.15.3.jpeg, 0.536, 0.5344285, 0.0015715227127075515, 0.2931945359529014
11.28.1.jpeg, 0.702, 0.6611162, 0.04088381719589229, 5.823905583460441
4.7.3.jpeg, 0.62, 0.4323011, 0.1876988959312439, 30.274015472781272
14.12.2.jpeg, 0.472, 0.46915662, 0.0028433771133422603, 0.602410405369123
20.16.3.jpeg, 0.564, 0.44726855, 0.11673145437240595, 20.697066378086163
17.5.2.jpeg, 0.716, 0.60803276, 0.10796723699569699, 15.079223044091759
2.9.3.jpeg, 0.576, 0.55357635, 0.02242364978790279, 3.8929947548442345
15.16.1.jpeg, 0.612, 0.47333017, 0.13866983008384703, 22.65846896794886
6.16.1.jpeg, 0.55, 0.5807981, 0.0307980895042419, 5.5996526371348905
8.12.3.jpeg, 0.51, 0.56297165, 0.05297165155410766, 10.386598343942678
10.17.2.jpeg, 0.644, 0.6316273, 0.012372678756713884, 1.9212234094276217
11.14.2.jpeg, 0.642, 0.48096406, 0.16103593540191652, 25.083479034566437
2.13.1.jpeg, 0.52, 0.40637708, 0.11362292289733888, 21.850562095642093
8.12.2.jpeg, 0.51, 0.5929697, 0.08296971559524535, 16.268571685342227
8.2.1.jpeg, 0.502, 0.5774332, 0.07543322849273681, 15.02653954038582
11.28.2.jpeg, 0.702, 0.69813913, 0.0038608689308166078, 0.5499813291761549
3.16.2.jpeg, 0.472, 0.45149088, 0.020509120941162085, 4.345152741771628
9.24.2.jpeg, 0.584, 0.5705503, 0.013449677467346155, 2.3030269635866705
14.14.1.jpeg, 0.5740000000000001, 0.5741429, 0.000142873287200862, 0.024890816585516028
4.32.1.jpeg, 0.316, 0.5186316, 0.20263157749176025, 64.12391692777223
4.11.2.jpeg, 0.696, 0.54302305, 0.15297695016860957, 21.979446863305974
4.30.1.jpeg, 0.42000000000000004, 0.51075375, 0.09075375080108639, 21.608035905020568
21.14.1.jpeg, 0.484, 0.50482136, 0.020821360111236586, 4.3019339072802865
4.25.1.jpeg, 0.514, 0.5625554, 0.048555372714996325, 9.446570567119908
9.27.3.jpeg, 0.678, 0.5386907, 0.13930931377410893, 20.547096426859724
17.12.3.jpeg, 0.45599999999999996, 0.42189574, 0.034104257583618125, 7.479003856056607
21.14.3.jpeg, 0.484, 0.5737656, 0.08976557588577272, 18.54660658796957
11.33.1.jpeg, 0.52, 0.51141423, 0.008585770130157488, 1.6511096404149015
3.9.2.jpeg, 0.5980000000000001, 0.6093201, 0.011320104122161778, 1.8929940003615011
20.9.2.jpeg, 0.604, 0.561219, 0.04278102302551268, 7.082950832038523
12.4.1.jpeg, 0.626, 0.6580413, 0.032041298389434814, 5.1184182730726535
9.15.2.jpeg, 0.536, 0.4539676, 0.08203239893913272, 15.304552040882971
8.12.1.jpeg, 0.51, 0.60267174, 0.09267174243927001, 18.170929890052943
9.24.3.jpeg, 0.584, 0.55429983, 0.029700168609619104, 5.085645309866285
12.14.3.jpeg, 0.538, 0.5724896, 0.034489619255065884, 6.410709898711131
11.18.2.jpeg, 0.61, 0.65272117, 0.04272116661071779, 7.003469936183245
3.5.2.jpeg, 0.608, 0.61259764, 0.00459764432907106, 0.7561915014919507
4.1.1.jpeg, 0.72, 0.49691755, 0.2230824542045593, 30.983674195077683
20.9.3.jpeg, 0.604, 0.57846606, 0.025533942222595196, 4.227473877913112
4.26.3.jpeg, 0.454, 0.47014362, 0.016143616199493394, 3.5558625990073556
2.30.2.jpeg, 0.548, 0.60735106, 0.05935106468200679, 10.830486255840654
3.5.3.jpeg, 0.608, 0.5274736, 0.08052637147903441, 13.244468993262238
19.12.1.jpeg, 0.354, 0.48912606, 0.13512605643272402, 38.17120238212543
4.16.3.jpeg, 0.5780000000000001, 0.60030955, 0.022309550762176444, 3.8597838688886577
19.14.3.jpeg, 0.502, 0.6829025, 0.1809025149345398, 36.03635755668123
3.16.3.jpeg, 0.472, 0.40115184, 0.07084816408157346, 15.01020425457065
13.12.2.jpeg, 0.62, 0.6661872, 0.046187226772308354, 7.449552705211025
15.5.1.jpeg, 0.564, 0.5589662, 0.00503378057479853, 0.8925142863117961
4.32.2.jpeg, 0.316, 0.5597166, 0.2437165822982788, 77.12550072730342
13.29.1.jpeg, 0.554, 0.55198807, 0.002011934757232714, 0.36316511863406387
13.14.3.jpeg, 0.442, 0.64221996, 0.20021996068954467, 45.298633640168475
20.2.1.jpeg, 0.638, 0.59711117, 0.04088883447647096, 6.408908225152188
4.7.1.jpeg, 0.62, 0.5750371, 0.04496287822723388, 7.2520771334248195
15.4.3.jpeg, 0.64, 0.56997484, 0.0700251603126526, 10.941431298851969
2.32.2.jpeg, 0.5860000000000001, 0.50034314, 0.08565685606002815, 14.617210931745417
19.11.2.jpeg, 0.434, 0.3778151, 0.056184902429580685, 12.945830052898778
14.14.2.jpeg, 0.5740000000000001, 0.5707467, 0.003253280162811345, 0.5667735475281088
8.8.1.jpeg, 0.606, 0.6471783, 0.041178292274475115, 6.7950977350619
9.27.2.jpeg, 0.678, 0.54173845, 0.13626154947280888, 20.09757366855588
3.12.1.jpeg, 0.42400000000000004, 0.47126198, 0.04726197814941402, 11.146692959767455
10.23.2.jpeg, 0.836, 0.5654928, 0.2705071911811828, 32.35731951928024
12.9.2.jpeg, 0.522, 0.6891955, 0.16719551372528074, 32.02979190139478
2.4.3.jpeg, 0.778, 0.53389364, 0.24410635519027712, 31.376138199264407
17.12.1.jpeg, 0.45599999999999996, 0.46622822, 0.010228216886520425, 2.2430300189737773
19.14.2.jpeg, 0.502, 0.6068607, 0.1048606972694397, 20.888585113434203
20.18.1.jpeg, 0.41200000000000003, 0.50386864, 0.0918686394691467, 22.298213463385117
15.24.2.jpeg, 0.548, 0.53041714, 0.017582855701446576, 3.2085503104829516
10.1.1.jpeg, 0.624, 0.5884281, 0.0355719199180603, 5.700628191996843
15.15.1.jpeg, 0.45599999999999996, 0.5283002, 0.07230022573471073, 15.855312661120777
13.17.3.jpeg, 0.634, 0.5318265, 0.10217350387573243, 16.11569461762341
12.14.1.jpeg, 0.538, 0.5812489, 0.04324887943267819, 8.038825173360257
7.22.1.jpeg, 0.62, 0.4830667, 0.13693329215049743, 22.086014862983458
9.8.1.jpeg, 0.792, 0.64658314, 0.14541686010360722, 18.360714659546364
12.24.3.jpeg, 0.45599999999999996, 0.5792674, 0.12326738262176518, 27.0323207503871
11.14.1.jpeg, 0.642, 0.45026565, 0.19173435401916505, 29.86516417744004
10.1.3.jpeg, 0.624, 0.5553294, 0.06867061758041382, 11.004906663527855
9.24.1.jpeg, 0.584, 0.50273, 0.08126998805999752, 13.916093845889987
17.5.1.jpeg, 0.716, 0.59498954, 0.12101046180725095, 16.90090248704622
20.16.2.jpeg, 0.564, 0.46247217, 0.10152782940864558, 18.001388193022265
15.15.2.jpeg, 0.45599999999999996, 0.51915544, 0.0631554427146912, 13.849877788309476
11.33.2.jpeg, 0.52, 0.5476724, 0.027672390937805158, 5.321613641885607
14.6.3.jpeg, 0.5980000000000001, 0.66857916, 0.07057916116714469, 11.802535312231552
11.28.3.jpeg, 0.702, 0.6838959, 0.018104114055633502, 2.5789336261586184
15.24.1.jpeg, 0.548, 0.51769376, 0.030306241989135785, 5.53033612940434
2.2.2.jpeg, 0.6980000000000001, 0.60842323, 0.0895767669677735, 12.83334770311941
12.9.1.jpeg, 0.522, 0.67176247, 0.14976246643066404, 28.690127668709586
9.35.3.jpeg, 0.52, 0.20074986, 0.319250140786171, 61.394257843494415
2.9.2.jpeg, 0.576, 0.69108313, 0.11508313322067265, 19.979710628589004
14.12.1.jpeg, 0.472, 0.52434963, 0.05234962987899783, 11.091023279448693
4.25.2.jpeg, 0.514, 0.5764934, 0.062493382453918445, 12.15824561360281
14.1.3.jpeg, 0.624, 0.66401696, 0.0400169620513916, 6.412974687723014
4.30.3.jpeg, 0.42000000000000004, 0.44256717, 0.022567169666290243, 5.3731356348310095
8.1.3.jpeg, 0.726, 0.51813453, 0.2078654656410217, 28.6316068376063
15.5.2.jpeg, 0.564, 0.51691324, 0.04708676481246943, 8.34871716533146
11.15.1.jpeg, 0.564, 0.5304848, 0.03351520442962641, 5.942412132912485
15.16.3.jpeg, 0.612, 0.24860324, 0.3633967603445053, 59.378555611847275
9.35.1.jpeg, 0.52, 0.19190349, 0.3280965131521225, 63.0954832984851
17.24.1.jpeg, 0.442, 0.6159577, 0.17395767736434936, 39.356940580169535
20.6.2.jpeg, 0.554, 0.5641633, 0.010163327217102003, 1.8345355987548742
3.27.2.jpeg, 0.41, 0.5289739, 0.11897387742996218, 29.018018885356632
20.10.2.jpeg, 0.604, 0.4675796, 0.13642039680480955, 22.58615841139231
12.14.2.jpeg, 0.538, 0.500121, 0.03787900257110599, 7.0407067976033435
6.1.2.jpeg, 0.6519999999999999, 0.70479316, 0.052793155193328944, 8.097109692228367
13.29.3.jpeg, 0.554, 0.52568114, 0.028318861961364794, 5.111707935264403
14.12.3.jpeg, 0.472, 0.547107, 0.07510698127746585, 15.912496033361409
17.25.1.jpeg, 0.5700000000000001, 0.65334827, 0.0833482670783996, 14.622502996210454
21.10.1.jpeg, 0.536, 0.46701062, 0.06898938274383548, 12.871153496984231
6.1.1.jpeg, 0.6519999999999999, 0.7287945, 0.07679451513290414, 11.778299867009839
17.12.2.jpeg, 0.45599999999999996, 0.48550344, 0.029503435134887734, 6.470051564668363
9.8.2.jpeg, 0.792, 0.6300991, 0.16190088224411014, 20.442030586377545
7.27.3.jpeg, 0.678, 0.6469243, 0.03107568311691289, 4.583434088040248
13.17.1.jpeg, 0.634, 0.52657616, 0.10742383861541749, 16.943823125460174
20.10.3.jpeg, 0.604, 0.47870392, 0.12529608392715452, 20.744384756151412
10.17.1.jpeg, 0.644, 0.53202736, 0.11197263622283937, 17.387055314105492
20.2.3.jpeg, 0.638, 0.55952746, 0.07847254323959352, 12.299771667647887
14.1.2.jpeg, 0.624, 0.5607391, 0.06326090002059936, 10.137964746890923
3.25.1.jpeg, 0.54, 0.54693925, 0.006939253807067836, 1.2850470013088584
20.18.2.jpeg, 0.41200000000000003, 0.54210824, 0.13010823774337765, 31.57966935518875
7.27.1.jpeg, 0.678, 0.62518203, 0.052817967414856004, 7.7902606806572265
4.16.1.jpeg, 0.5780000000000001, 0.59318936, 0.015189358711242607, 2.627916732048894
10.1.2.jpeg, 0.624, 0.5553583, 0.06864170932769775, 11.000273930720795
13.4.1.jpeg, 0.542, 0.6427596, 0.10075962114334103, 18.59033600430646
11.15.2.jpeg, 0.564, 0.5877432, 0.023743222713470513, 4.2097912612536375
14.6.1.jpeg, 0.5980000000000001, 0.6990803, 0.10108028841018668, 16.90305826257302
15.11.1.jpeg, 0.5740000000000001, 0.55468994, 0.019310056209564275, 3.3641212908648557
7.22.3.jpeg, 0.62, 0.44353378, 0.1764662218093872, 28.46229384022374
8.2.2.jpeg, 0.502, 0.59472847, 0.09272846984863281, 18.47180674275554
7.27.2.jpeg, 0.678, 0.623306, 0.054694023609161424, 8.066965134094604
12.4.2.jpeg, 0.626, 0.66146487, 0.0354648699760437, 5.665314692658738
19.12.2.jpeg, 0.354, 0.487101, 0.13310098862648012, 37.59914932951416
3.9.1.jpeg, 0.5980000000000001, 0.5456058, 0.052394221305847255, 8.761575469205225
21.10.3.jpeg, 0.536, 0.45002863, 0.08597137188911441, 16.039435053939254
17.5.3.jpeg, 0.716, 0.6049612, 0.11103878355026242, 15.508209993053413
12.9.3.jpeg, 0.522, 0.63021255, 0.10821254539489744, 20.730372681014835
17.25.2.jpeg, 0.5700000000000001, 0.5986138, 0.028613798618316588, 5.019964669880102
4.26.2.jpeg, 0.454, 0.48617053, 0.03217053031921385, 7.086019894099967
7.16.1.jpeg, 0.388, 0.51273483, 0.12473483037948607, 32.14815215966136
4.26.1.jpeg, 0.454, 0.4719129, 0.0179128906726837, 3.945570632749714
19.11.1.jpeg, 0.434, 0.52169234, 0.08769233560562134, 20.205607282401232
3.9.3.jpeg, 0.5980000000000001, 0.57888514, 0.01911486196517953, 3.1964652115684826
19.11.3.jpeg, 0.434, 0.5074134, 0.07341338729858399, 16.9155270273235
11.14.3.jpeg, 0.642, 0.47509265, 0.16690735054016115, 25.99802967915283
2.9.1.jpeg, 0.576, 0.5602406, 0.015759373664855914, 2.7360023723708182
20.18.3.jpeg, 0.41200000000000003, 0.5367705, 0.12477052259445187, 30.28410742583783
12.33.2.jpeg, 0.426, 0.6017613, 0.17576128149032594, 41.25851678176665
20.10.1.jpeg, 0.604, 0.4463672, 0.15763279581069944, 26.098145001771435
4.1.3.jpeg, 0.72, 0.5145432, 0.2054568243026733, 28.535670042037964
9.11.3.jpeg, 0.512, 0.6911376, 0.1791376118659973, 34.98781481757759
